catid,ownerid,breed,birthday,weight,gender,isspayed,cataddedtime
4801b993-049e-4f2f-8280-1a2fc71f9eeb,5fb1ac4a-8b88-40f7-9ee1-a163f270673e,Scottish Fold,01/01/2022,2800.0,Female,False,2025-06-10 13:09:59.174
d438bbb1-0486-492f-aff3-c777a1f603c5,d4f54ff0-9349-42b0-9980-c7b337c5ef6d,Tekir,05/05/2021,7.0,Male,True,2025-06-05 06:51:57.800
ef8c395c-2a63-438e-82e7-4e597ab3b1b9,17627206-9658-4041-86cb-54f8890c44bf,British Shorthair,02/08/2023,5.0,Female,False,2025-05-25 20:42:46.645
d79a83bb-d8a2-404b-a3de-33ba0e4d79f6,c160353b-1355-4d61-adb7-351a71a45223,Asian Tabby,05/10/2020,8.0,Male,True,2025-06-10 05:12:21.035
42a357d9-70f4-4bb5-ae52-303896b0941f,b753ca60-e346-4e54-9c66-2e72cf2457f0,Smokin,01/01/2016,4.0,Male,True,2025-06-28 16:31:58.557
d2318958-643c-4892-b1dd-b37da97b9b7e,e6522039-4564-4647-b675-7cba68ef48e5,British Shorthair,29/05/2019,6.0,Male,True,2025-05-29 12:55:53.709
b8f66682-2cb4-4390-b74a-0dfdd0221e77,ce6124ff-9e06-4c46-a186-fffbf483b766,Russian,02/07/2020,5.0,Female,True,2025-05-23 14:45:40.049
7e994100-9b3b-48b7-a110-a23ca182eb58,ed02ad8f-a833-4ed1-8e71-3620e4d0e7d9,British Shorthair,06/06/2020,4.0,Female,True,2025-07-30 23:13:26.316
0133db3a-f4d5-4f15-9c60-9df32faaee19,b8a3dc2c-e1a6-4608-a631-3100e56f5ef1,British Shorthair,09/03/2025,1.0,Female,False,2025-05-09 00:42:54.606
90b74a70-d807-4e89-a800-dc08b24fa5b5,33a9f2e5-7b7f-4b95-ace5-1bd579ae058d,Siamese,21/06/2023,4.0,Female,True,2025-06-04 16:22:13.475
75cbe8bb-f114-4ff1-90d5-1b6c0fbfaffe,ba442c7a-72b5-49e8-a95d-bfae037aa283,Smokin,14/02/2022,7.0,Male,True,2025-06-28 23:33:10.837
4e51fc0c-5581-4150-bdfb-ae8fae5375c4,dfe655b6-13e9-43d4-9724-74bca1a77f0d,Tekir,23/07/2024,2.0,Female,False,2025-07-01 01:37:52.251
423f556e-d349-4b3f-a75e-6b97ca641620,5b936679-242b-4080-9735-e7ef2ac468f9,Scottish Fold,03/08/2020,4.0,Male,True,2025-07-09 12:58:17.334
0c0928b4-7338-4e50-a544-2c64eab98c1d,74eae3a8-cab4-4552-acc0-f1cef26750ea,Agean,03/08/1996,7.0,Male,False,2025-05-20 22:08:43.300
ff6d8591-bd24-4c0d-b7d3-7e009ab841b7,26abb2d0-aa63-4983-b6a7-b52e1978acf5,Sarman,03/03/2019,6.0,Male,True,2025-07-14 08:51:19.306
6986a30a-5016-49e8-9693-acd4923179c8,530294ae-4ad2-4c8e-9ee8-d2feb1904a8f,Chincilla,01/04/2022,4.0,Male,True,2025-05-19 16:26:09.563
3a73f097-62ab-40eb-a8c1-77a8d97098a2,ff55b803-cb3f-4f60-a96c-6245396b247e,British Shorthair,05/05/2023,3.0,Female,False,2025-07-20 22:41:03.445
4a18fc4c-88c6-4961-87bf-83e13fc7d3eb,c7e7abf3-ecc0-4c1c-9609-14e2032ac08a,Tekir,02/03/2025,2.0,Male,False,2025-07-07 18:53:43.344
bb98f14a-0839-4de5-9c42-d5186f9113bf,276c0f0b-5a56-431c-bd18-d7339bc33b2f,Tekir,27/06/2022,5.0,Female,True,2025-06-27 12:41:23.579
b066fd0d-81e4-420d-8f01-08aa43ed749c,9ada714d-a87e-4ad7-bd0a-908de9ef5e68,Norwegian Forest,21/10/2018,6.0,Female,True,2025-07-23 10:58:51.485
0c004e98-9b46-4319-bdf9-091405a6443a,622a4cf9-3538-4b19-9677-d111bcce40a2,Sokak Kedisi,03/11/2023,7.0,Male,True,2025-07-15 15:34:51.811
94879d5d-bc93-4de4-a6ec-f2482193cc6c,27487d45-fc8f-4479-a281-d21f2b150965,British Shorthair,05/01/2022,4.0,Female,True,2025-06-05 09:58:12.319
0eaa199a-9eb3-4349-9a66-521658d97060,2bad2ea4-8da5-4888-a5bc-e2f71ab05346,Tekir,03/07/2024,3.0,Female,False,2025-05-26 05:47:43.892
e6a5fc94-9512-407d-bfd5-1e339d3424b8,3d5c624a-ecc9-44bf-a02f-2298b86dd7f0,British Shorthair,29/04/2021,6.0,Male,True,2025-07-22 15:30:13.555
8a3cd5b3-8edd-4137-9359-7eab867ee9bf,4df92f3d-3e41-4ccb-b367-832497d9929d,Sokak Kedisi,01/05/2017,3.0,Female,True,2025-07-16 19:48:38.446
4bb38474-7508-4ce2-ad76-742d24208e11,ba7f70e1-a19f-4367-baf4-daa5d940d53a,Persian,25/06/2016,4.0,Female,True,2025-08-02 11:44:51.604
5af94894-7764-4271-a4cf-4174c6909141,9d2a5b92-022b-45b3-967b-51e1d0d9aa0d,Arabian Miu,24/09/2020,5.0,Male,True,2025-06-26 10:39:40.516
34fd9236-fb3c-4b19-9c17-2af201e746fb,85eeb81d-36a9-47bf-a689-f4c2905c7de5,British Longhair,06/01/2025,1.0,Female,False,2025-06-17 17:47:04.180
dd7c58da-5a21-4e3d-9668-0206288bdecb,8810ca4e-5ac8-4846-b6ec-55c69a5ba196,Scottish Fold,15/12/2023,4.0,Male,True,2025-06-13 00:00:42.429
e8236ee5-f167-42fc-af8b-6b258034548f,c20f5a9b-b0fd-4509-9f44-702b82ed5d2d,Russian,11/02/2023,5.0,Female,True,2025-07-11 12:42:35.304
f6690430-d5f1-49ee-821e-959d8f5bc638,a34662a9-5819-4131-89f9-0d258e118ea1,Uzun Tüylü Tekir,04/08/2021,3.0,Female,True,2025-06-27 11:18:06.435
fa10e8f7-9537-47e9-a81b-d9145839a6ea,abfa79c1-07bb-412b-a9b5-39f64301c5ae,Siamese,09/05/2024,2.0,Female,True,2025-07-09 13:19:31.977
4d93cdc6-0d6f-40d5-baf0-f06993f9680e,02d17d15-7ff5-4663-80f3-19d1456f0854,British Shorthair,17/03/2023,6.0,Female,True,2025-06-18 11:48:36.647
6d1bc3aa-12d8-4ea3-ad61-6dc75f0c2bbc,4d4d28b7-dd4a-49be-a696-1ac7f8824b1f,Tekir,03/07/2024,2.0,Female,True,2025-06-02 15:36:51.944
9a9552f7-3643-4c44-9e35-2b24e885f530,cf845726-8bd9-4fe9-a829-2dcb7850cb10,Bombay,03/08/2022,4.0,Female,True,2025-07-07 12:25:50.599
e0628cb4-c246-4033-b29a-86756319e46a,a1e27836-30a9-42e5-935c-1dd32c079bfb,Van Kedisi,07/04/2013,4.0,Female,True,2025-07-23 20:10:31.890
8a7c1079-e518-4301-8175-bd50ff57db8c,3d0e938d-92b4-4258-a752-0bea7ad6e94a,Tekir,25/09/2024,5.0,Female,False,2025-07-28 00:31:54.169
70d13958-6c23-4e44-a822-5f7f8d03f017,9964bd5a-602d-42c9-bd77-baede246bb54,British Longhair,03/08/1996,6.0,Male,True,2025-07-07 12:24:55.318
58e14cc1-b537-4ce7-afa0-20c9ea4baf48,ae90255c-6cc8-4b3d-b44e-4f3a2c4398a7,Tekir,08/10/2024,5.0,Female,True,2025-07-09 15:33:11.702
da8acea2-f6d3-4283-a643-2ada69ca4d87,aeaa27ae-df2a-4717-84ca-4a3d1c33f59d,Üç Renkli Tekir (Calico),05/02/2024,2.0,Male,False,2025-06-19 09:52:53.910
b0ff9941-6295-4733-88e1-7a19806ee6be,e1d452fb-622c-43fa-ab5d-bf44af95d08d,Tekir,03/08/1996,6.0,Male,True,2025-05-29 15:16:31.013
085ea06f-0b6c-47e5-a451-b32a785b6f77,3d2e92ad-3a74-4781-9cb4-4f347891b2e6,Üç Renkli Tekir (Calico),03/08/1996,5.0,Female,True,2025-07-25 14:09:12.652
eca316cb-d717-4f5e-8c03-e95ccc9bd672,4c1b4ee0-1904-4732-9410-e80843e9d807,Smokin,01/04/2024,4.0,Male,True,2025-07-02 10:41:05.594
8431e26d-6ad7-4a19-aa18-4b73f0feb25a,f03a1840-90e1-4b31-a535-0e99f4fa8b5c,Scottish Fold,16/07/2024,4.0,Male,False,2025-07-19 18:30:04.888
5020e9d0-cbb6-4eec-94cc-449c275ed3c9,b95b89d0-9847-4449-aa16-688ac33b0a5b,Cornish Rex,03/08/2022,6.0,Male,True,2025-07-31 01:18:35.242
701411fd-daac-4362-8546-559cafe72465,30f023ec-2ceb-429d-b5bd-1b89d2a902d3,Sarman,19/05/2021,5.0,Male,True,2025-06-29 14:57:00.770
dbf20867-35da-454b-8c7e-29f8dc7a8de6,60e0dd64-4084-4f6a-9a8d-c9a060536f1d,Angora,09/03/2016,5.0,Male,True,2025-06-14 12:15:38.154
28d13002-8580-477f-91b6-205cc8e48a13,74eae3a8-cab4-4552-acc0-f1cef26750ea,Agean,03/08/1996,6.0,Male,False,2025-05-20 22:11:18.042
d44aa464-27a9-4569-8976-973b1cf42e19,9ee954f9-555c-4aed-8cab-a2b2640644c8,Russian,01/08/2024,5.0,Female,True,2025-06-07 19:49:27.628
4c404242-c942-4f40-bfc4-a7323438ce3c,45b7c94a-cdfd-4534-86c1-efbf55238ae7,Tekir,05/05/2024,3.0,Female,False,2025-05-14 13:08:03.250
54659c74-dba9-4d3b-ab2d-28d81f974055,563876aa-dc6b-4823-a0e4-513361a7271b,Uzun Tüylü Tekir,09/06/2025,1.0,Female,False,2025-08-01 14:39:07.527
9fd38910-f3b7-47a1-9c8d-023e1cb335ce,39c040fe-b918-4e52-9e46-38cbbdc3ea17,Bombay,15/07/2001,4.0,Female,True,2025-05-24 13:39:42.813
8f81393c-d97e-4a82-baff-914760f2ed1c,f93a275c-466b-4f4e-aa8b-25a819c538d4,Asian,09/09/2021,4.0,Female,True,2025-06-05 10:57:14.273
388ab2e6-549c-4b1c-8698-6bfbcb50a0d8,e432ef58-3233-4792-81ad-f9ecd265ba36,Tekir,30/04/2021,350.0,Female,True,2025-05-15 16:17:41.082
8f79edd7-acb1-4c22-acb8-9c6585b0ed10,9c77d4b4-cb72-4bd7-be93-cb3b6e71aca9,Russian,15/09/2020,6.0,Female,True,2025-06-05 18:28:32.003
f4256d71-7972-4441-86bb-22900668a7e6,28e998f9-3c32-4ac5-92eb-f26041806644,Scottish Fold,24/11/2024,2500.0,Female,False,2025-07-02 10:57:40.756
69205b24-f3f2-4637-b00b-b043ff5c9ad0,fb812bc5-7816-4bc8-bffe-b26a697abb04,Uzun Tüylü Tekir,08/08/2018,4.0,Female,True,2025-05-07 10:53:49.357
3c310c50-db7f-4378-a47c-99fc4b292c51,05728962-3dd4-4eae-95f2-1aaa49364392,European Shorthair,15/05/2025,5.0,Female,True,2025-05-15 14:56:14.109
f33de8b7-816e-4ce0-a6f8-eef41798c130,a19c9640-6056-4f4b-888c-0fc7d75c26a4,Tekir,27/05/2023,3.0,Female,False,2025-05-27 12:10:33.239
e76aa433-a855-497d-9b57-522bb5b02230,b753ca60-e346-4e54-9c66-2e72cf2457f0,Üç Renkli Tekir (Calico),11/11/2024,3.0,Female,True,2025-06-28 16:37:04.418
62c53f25-7dc4-47a3-88f5-9826c4c1bd87,a646b7b0-4d75-452e-a266-208a2dfa6d30,Scottish Straight,17/08/2020,5.0,Female,False,2025-05-13 07:50:55.740
a2a1284d-173b-4954-9906-bbdebd52e3ad,dbc77693-7e75-4117-8750-79033f54ac4c,Scottish Fold,17/05/2021,3800.0,Male,True,2025-05-12 20:15:22.308
d2110fda-2606-478d-aa1c-13a7ad235d2e,5a646c39-f979-4c03-b0ea-276f824fe74e,Exotic Shorthair,20/02/2025,2.0,Male,False,2025-06-16 13:08:57.689
02d8a1d4-55bb-4548-832e-faae52b1d4cd,34c06180-817a-4001-8dbe-d52174e6c5b9,British Shorthair,05/03/2023,13.0,Male,False,2025-06-02 16:58:42.859
8531314b-aed4-48aa-8889-6b812ee6e40c,eca6c464-f852-4b39-b26e-02545448a0f4,Üç Renkli Tekir (Calico),03/06/2023,5.0,Male,True,2025-06-22 09:46:53.761
80191a2a-934d-46a8-b58d-a5d9a3079b87,baa18b63-0a9f-4eb7-a9a4-8192ac3621d3,British Longhair,08/03/2021,4.0,Male,True,2025-07-18 01:43:44.799
c7dedaa6-7931-4db4-974c-bbdf20e397b1,dcfe0b8c-8b2e-410a-938f-4413928c4872,Smokin,15/04/2021,4.0,Female,True,2025-07-15 12:20:43.048
cb49eebd-33b9-45a7-86f0-cae883b25581,2f0d4248-5f54-48b3-aa35-57d9927dc47b,Tekir,01/06/2020,4.0,Female,True,2025-05-15 00:56:34.014
6213a58b-d454-4f23-a287-42a26426aae4,90d0dfce-db5d-4337-b4d6-678c60da9181,British Shorthair,01/04/2025,3.0,Male,False,2025-07-08 05:18:38.412
4469763f-27ef-44dd-952d-86000673ecd8,7c0d6003-5831-45e0-97d6-8c23816097cf,British Shorthair,05/07/2024,4.0,Male,False,2025-05-19 12:09:10.559
98297530-c99f-44f6-a9fe-2728de4cefc8,6948c7cf-f19a-4c7b-966b-cd7b0dab967f,Scottish Fold,01/08/2019,4.0,Male,False,2025-06-19 19:29:10.521
e3644a01-64a6-4cb3-9ecb-0985ff7a4d01,21717334-fa69-4fd4-a097-2963fc89d2c9,Smokin,01/03/2018,4.0,Female,True,2025-05-24 17:12:42.841
efac3423-3340-4e3f-96ae-553b91ff6d48,c08a19ed-7478-46e6-b9ca-13d8cf93a9b8,Scottish Fold,23/02/2025,1500.0,Male,False,2025-05-30 07:47:58.326
bacd864b-18e2-493f-b09c-21bf829d3690,04d2004e-56ee-4012-b615-8e1ee50d44fb,Domestic Shorthair,07/01/2025,2.0,Female,False,2025-06-17 02:26:17.115
0e1eaab7-81a7-4838-8b85-607d12982cd6,2a3c3384-ad3a-4a77-b58c-200dc08bb568,British Shorthair,15/05/2021,4.0,Female,True,2025-06-19 07:31:04.579
f389e252-3d98-498e-b516-09bde7fd822c,c30b03ed-ef88-49e3-9ef4-06e020c1a2a1,British Shorthair,20/11/2024,10.0,Female,True,2025-06-20 02:52:03.590
999b96a7-d954-4eb9-b336-fa6d4d91fe53,b07dd35c-2592-44b1-aaaa-a7a5b4dcb019,Tekir,03/06/2024,3.0,Male,False,2025-06-27 02:24:25.625
665c3f69-fd1f-42b3-84c4-8e2da40d6e8d,85ad8346-04bd-4c82-8b1f-5c39fba7d28f,Tekir,02/08/2019,6.0,Male,True,2025-06-27 01:32:48.210
f203a12e-9ee9-40f5-8e67-39492cb19367,57797a1f-e1f0-43a8-aa99-5be827d6dac0,British Shorthair,15/06/2020,6.0,Male,True,2025-07-09 13:40:51.485
05fba769-6e1d-462c-95c9-342b53f2c416,39557b01-0cc5-4583-92e1-21c1b985e17c,Smokin,23/07/2024,5.0,Female,True,2025-08-03 15:17:00.688
41b6402d-714e-4f3c-adaa-e79820864dae,2032286e-60d3-4a8f-b7cd-27d3e6d4870c,Tekir,08/04/2025,1.0,Female,False,2025-07-30 14:18:16.086
9bb865ed-6178-4666-9259-52ff4b438fc8,d4f54ff0-9349-42b0-9980-c7b337c5ef6d,Sarman,05/05/2021,7.0,Male,True,2025-06-05 06:57:17.743
2140e395-bfb5-4402-bb49-f60bc7171765,f56f93b7-1eb7-40a4-8c27-db92df3229fa,Uzun Tüylü Tekir,22/08/2020,5.0,Female,True,2025-06-17 10:50:15.415
058d073a-7975-41f7-a115-26a7acfdf9fc,5a1bac90-7e93-43a3-bd3e-c0bdee8840ab,Russian,26/03/2017,8.0,Male,True,2025-05-26 17:09:06.596
7b92eb40-8e7c-44f8-9736-30c8015c65fa,e4d23b9e-cd03-4b6e-b0b6-4b61a52633e8,Sokak Dedisi,21/06/2021,4.0,Female,True,2025-06-22 15:13:56.777
2cca0d7f-049d-466b-be7a-64607205c816,c160353b-1355-4d61-adb7-351a71a45223,Bombay,05/11/2019,7.0,Male,True,2025-06-10 05:10:02.754
482362b2-fec1-45aa-b9bc-19d368df39a9,610dadbc-b459-4681-a42a-305495fa138f,British Shorthair,28/01/2025,2.0,Male,False,2025-05-30 22:32:00.005
42d0ae29-7e79-4d45-8b9f-5cf9de6615df,df3095ed-f02b-463a-a230-fb2666f0fa40,Ragdoll,12/09/2024,2.0,Female,True,2025-06-26 20:23:53.201
261d616c-e633-4aa3-9048-b68637014c78,5f06f8bf-12a3-42d8-8ca4-5e1f4be6b4d6,Sarman,05/04/2021,6.0,Male,True,2025-06-11 13:30:50.348
97fffec4-090c-4cc3-8399-3a54b7307e10,993a8a50-9768-4960-9f19-b21fcb0e939d,Tekir,23/04/2012,3.0,Female,True,2025-05-16 18:27:44.529
7cc3718c-110d-4156-9926-e220d6710dcf,43ccb2be-aafc-4118-9d0c-4345db4f1a4a,Smokin,05/09/2018,5.0,Female,True,2025-06-03 19:51:11.929
047dda56-df2b-4bd3-92a4-45a9cb84686f,deffee31-0b0e-4f42-bdb6-76c7c658d09d,Scottish Fold,03/08/2013,7.0,Male,True,2025-06-20 00:18:28.044
7ca847cf-2019-4751-a6ab-bb4f1fc3b4a8,a646b7b0-4d75-452e-a266-208a2dfa6d30,Scottish Straight,01/01/2020,5.0,Male,False,2025-05-13 07:13:08.103
cbedbb61-1955-4dbb-a3e7-4bd11bbbe702,5bd41896-617f-432c-a365-4831cdf7e40e,British Shorthair,03/03/2025,1200.0,Female,False,2025-05-30 07:29:16.446
591c3918-2dc8-4802-a307-7d64fd563a52,58268df2-92f5-4165-bdcf-9e273448a68e,British Shorthair,17/06/2017,5.0,Male,True,2025-05-17 18:36:35.164
0087fc0e-1fa1-4022-83c8-5f0f935b083b,ef837dd1-b251-4417-b186-57eef59b8448,Scottish Straight,05/01/2024,6.0,Male,False,2025-07-08 22:00:20.641
fa93998b-32a0-4e64-846c-f1f84beb5c13,bdb149f9-069a-4c93-bcdf-8d5ac7b95419,Uzun Tüylü Tekir,27/03/2020,5.0,Female,True,2025-06-02 13:47:21.108
721cbdae-f1dd-4e4d-9fe5-3a08c26d5086,ca122203-8a32-4577-8ea9-38f7aab2346e,British Longhair,03/08/1996,6.0,Female,True,2025-06-17 00:24:19.446
66d1f707-f5c9-4627-a7d3-379be29493ec,0adb44f3-0706-4d00-9d34-af5fea07d166,Tekir,10/03/2021,7.0,Male,True,2025-07-14 16:45:39.260
48928ca7-c07e-4663-b0ce-ad9daa873ce3,a1e27836-30a9-42e5-935c-1dd32c079bfb,Uzun Tüylü Tekir,03/08/2012,7.0,Female,False,2025-07-23 20:07:54.328
15951003-1cc1-4229-9d78-09e268f5f09d,4b5933ba-2cb3-4915-b466-35f046325327,British Longhair,25/08/2022,3.0,Male,True,2025-06-02 19:52:00.362
b9340907-9c0a-4590-a141-221843a3babd,b67c565c-2f9d-4ac3-82b4-56cba93eba38,Maine Coon,08/01/2025,2.0,Female,False,2025-07-01 14:32:11.317
f4651fa0-df45-4404-b923-60d1e1a8de24,a07bad1c-8f52-4b42-be99-0490c7261073,Tekir,30/05/2025,4.0,Female,True,2025-05-30 23:01:35.073
514522ba-af67-487c-9f8e-147a00eef146,976237a9-7f8d-4b54-92e1-7afde894495a,British Shorthair,01/05/2024,5.0,Male,True,2025-06-24 23:08:46.960
efcc9eaf-0cd5-4b4c-a9b5-835deb70e921,56300f32-b3d6-4d9b-a3fc-742d80e3294a,American Shorthair,03/08/2011,9.0,Female,True,2025-05-09 14:06:59.875
feec475a-da85-46fe-bed8-1a4cca5f677e,e031e692-f023-4a96-8166-4ff60dd4bc35,Sarman,02/08/2022,7.0,Male,True,2025-07-17 20:27:19.208
31006f7c-3983-4c39-914a-427bffa19f11,98252abd-83b7-4107-9c02-003f3e4b3286,Siamese,28/02/2024,5.0,Male,True,2025-06-17 18:27:21.151
2f1208dd-a650-45be-b439-dae8a0c16aac,c90caad8-c357-448e-8d54-9c7ae5508c9f,Sarman,07/08/2023,5.0,Male,True,2025-07-02 18:46:48.190
29d754ad-ebc8-4e25-b3e6-2b321cd69872,5d6410a2-fce5-4a02-9b58-56308c4e301b,Üç Renkli Tekir (Calico),02/08/2023,3.0,Female,True,2025-07-01 16:13:12.098
859605e1-70df-4b45-bf08-d35dd875c113,69c60c6b-e5aa-4470-b8a4-93f3a188816c,British Longhair,30/08/2022,4.0,Female,True,2025-05-08 01:39:12.418
339f8d1c-603e-45fb-8972-186c10302d0f,a890907e-187e-446a-b2dd-a5fab5825723,British Shorthair,03/05/2024,6.0,Male,True,2025-07-28 23:14:21.108
37bde859-a407-4efd-b8cd-0631caaff24c,3b616be6-dd7c-4998-ac29-6b8bbebc7da0,Bombay,10/07/2024,5.0,Female,False,2025-07-09 22:29:00.890
d9c2b285-cfa9-4102-8c75-2daa3eab84a5,b406b24b-0981-4d0e-be83-a8b9bed8c8fe,Sokak Kedisi,03/08/2014,9.0,Female,True,2025-07-15 13:09:02.694
9410f45a-c5cf-4b53-94d2-d50aea400424,897bc979-8f79-4d22-a4e9-7ebd3a345511,Persian,16/09/2016,3.0,Female,True,2025-05-14 13:49:01.357
0b406b75-e6da-4f06-9e1b-d441e8a7eb11,b6e41c99-f057-40fc-9007-35bda263058a,Sarman,09/09/2022,5.0,Male,True,2025-05-17 17:21:36.203
9668258b-24e5-40eb-b4fa-ec0a525da581,d94a6bf9-68b7-47b7-8de2-646db8474eca,British Longhair,15/05/2025,3.0,Female,True,2025-07-24 01:10:33.031
55cdf1df-1337-4c7b-8754-7c2fd93f1c8f,e085eb96-c5d2-47fe-a98b-4e76189c5aa6,Tekir,24/04/2013,5.0,Female,True,2025-07-23 11:04:25.815
1dd53226-7069-49ed-9cf3-cbe0ef662808,fa02e07f-dc9a-4ee5-a3f1-0dbdf58ef19c,Bombay,03/08/1996,1.0,Female,False,2025-05-18 22:28:25.685
93710784-fbf1-462d-a99b-e761f8051e51,16cafc36-3d6f-43c9-88de-c25829787010,Tekir,21/09/2024,4.0,Male,False,2025-06-08 21:52:26.702
bf298043-ea56-4f85-a274-3ef9d775f1a6,7c7060ce-89c8-46ce-a55b-aaaa159594d7,Üç Renkli Tekir (Calico),07/07/2024,1.0,Female,True,2025-05-30 20:45:13.599
179f109f-5745-4ec4-92ce-5626f15b6627,a62a4c52-f3b3-413d-be4f-be146190dbf4,Scottish Fold,03/08/2022,5.0,Female,True,2025-07-09 15:42:28.761
2bb291b2-5b43-4df7-873d-972aa40ac363,2db57bbe-677c-4f9a-8d9e-5d64c75d0240,Sarman,15/07/2019,6.0,Male,True,2025-06-09 17:45:46.564
fe98e16d-4f1a-4dba-8410-b8a906cb0116,27487d45-fc8f-4479-a281-d21f2b150965,Benekli Tekir,10/06/2024,4.0,Female,True,2025-06-05 10:01:01.177
d0b8ce77-79c1-4d45-930a-57a99ff41802,397f5d5f-1757-4cd5-82b0-4334b1634a47,British Shorthair,12/01/2019,5.0,Male,True,2025-06-18 13:13:50.845
6387f468-76c7-459b-a1c6-e405d2191e90,82c49fbc-5410-4874-bc61-918fd0de7f7d,Tekir,03/06/2023,5.0,Male,True,2025-07-30 12:49:10.032
0f724773-2c7f-4891-b212-3ebe7142b8bc,33e61513-ad19-4778-899f-e1db4d2d4cd1,British Shorthair,30/05/2023,3.0,Female,False,2025-05-31 15:55:31.454
896dabf0-4053-4760-8550-da8b42e4883c,6a7e349c-1787-491d-a215-55b7bc719de8,Scottish Fold,03/08/1996,2.0,Female,False,2025-07-30 19:29:43.006
eea9541a-15ba-4cb1-82df-789b7812129a,2326e2f0-3647-4343-aee3-59bdaf0125be,Scottish Fold,01/03/2023,2.0,Female,True,2025-06-28 22:18:56.670
3ddf1bc4-6abd-4f64-a7e2-9bf93590320a,d2bd86bb-fcb9-4052-b4d7-f75ee9acf2d8,Uzun Tüylü Tekir,03/08/2022,5.0,Female,True,2025-07-30 15:17:22.118
b23e1794-2e27-4899-8c05-018d0ff39008,c7e78401-4c97-4d6a-aaf3-f43882fb424c,Sokak Dedisi,03/08/2014,8.0,Male,True,2025-05-07 17:55:31.451
85e01199-d622-454d-b4e0-2256e4b289fc,b1285734-3ae3-47bd-a921-346096947687,Sokak Dedisi,17/04/2025,2.0,Female,False,2025-06-17 13:42:14.428
b959c6c9-dcda-4940-bbd4-b98f96d5c016,aa0806d1-d073-46d6-92a5-67a0bd5bc4e2,Tekir,03/10/2021,6.0,Male,True,2025-06-03 18:29:29.069
64bdd62b-9103-4225-a110-3f7e5445e224,beffca7e-2943-4c40-910a-4fa616c30cb9,Tekir,22/06/2025,5.0,Male,True,2025-06-22 19:37:54.440
30afd34d-3e40-463d-aedb-d95ef6d7a9e0,c322c191-afa2-4588-bce4-9cf7ed3afaa5,Chincilla,03/08/2022,5.0,Male,True,2025-07-04 11:55:01.330
3cdf2ae0-733a-4d79-9f47-ecd7bfb71249,8d207a20-fe85-4165-8d7f-f70c242fce45,Scottish Fold,02/11/2019,6.0,Female,True,2025-05-17 01:05:25.995
2e53ddfb-09b4-483a-9bc2-fe3633f67655,992e4941-1c3c-4adb-a4d0-0c2c8a256830,Üç Renkli Tekir (Calico),12/12/2021,4.0,Female,True,2025-07-22 17:39:37.069
7a199eed-3b64-4053-80f9-81170219fceb,e5269edb-2baa-4bff-9566-b5d38626c0f4,American Curl,19/05/2025,3.0,Female,True,2025-05-19 16:13:05.420
ea862d1b-2bbf-4b04-b195-66d909449fd0,e33878b9-e4a9-4dc8-bdfe-f34e3ecbb641,Sarman,02/08/2019,6.0,Female,True,2025-06-16 15:20:14.494
7f9d75b1-cad2-4b76-a79e-4b750ed0c271,487b22d9-eda9-4b09-b9cd-218003058f21,British Shorthair,02/04/2021,3.0,Female,True,2025-07-06 18:06:05.894
02d13082-425d-4db3-aac2-a5ccafe11376,9cf13558-1488-4155-965a-bdafd37888bc,Uzun Tüylü Tekir,10/04/2019,5.0,Male,True,2025-07-19 09:51:28.799
9a893d46-02e4-478e-9378-3c8b2f98acd6,abc4a6c6-c9c3-4f0d-81da-2a74db45c95d,Tekir,01/04/2021,7.0,Male,True,2025-05-26 17:54:46.797
a34c8a97-1618-4116-aa6d-9d8f8a12a933,ef3b251b-7b42-45fc-93e6-c61cb0b451ac,Tekir,26/05/2024,3.0,Male,True,2025-06-11 21:32:11.635
e07b0fdc-d369-4f64-9f96-12c492c0446b,50d7f81f-26a8-4a28-9cc4-cd8df6199f23,British Shorthair,03/08/1996,5.0,Male,True,2025-05-08 09:32:54.966
554a1f4c-b7fe-45fd-953e-cf659f283984,6a171214-1286-447b-af61-64c1c38e25ed,British Shorthair,17/05/2021,5.0,Male,True,2025-07-13 11:24:12.887
64b00909-16ab-403f-a2de-a42e794eb0f5,5bf14ba6-f88f-4ebe-a167-460b1d28f289,Sokak Kedisi,02/08/2020,5.0,Female,True,2025-07-31 18:09:10.631
48f84884-5938-446e-a0a2-b7a9da665fd4,4e9eb3bf-d2eb-4ec0-9d6a-53910c940f65,European Shorthair,19/02/2025,1500.0,Male,False,2025-05-25 17:38:57.870
577d7a63-b66f-4c52-9ac0-ed9775965b04,0da186f0-376f-442c-ad85-f52c976a2829,British Longhair,03/08/2018,4.0,Female,True,2025-07-31 11:30:59.082
cc258888-2006-4639-a0ee-807296517413,c2d1ca02-d686-424d-92d0-32eaa3d03998,British Shorthair,05/01/2025,4.0,Female,False,2025-06-18 10:37:25.519
34b3108e-b5f2-4614-925a-3787776ccb28,c86e974a-af2f-4371-8e16-d51b23cc6b02,Smokin,05/02/2025,3.0,Female,False,2025-07-09 11:03:50.125
5f2bfd76-823b-447e-a744-6bebd16583ce,29885b5a-9b6b-4382-b794-685780e48cf3,British Shorthair,30/06/2023,4.0,Female,True,2025-07-20 23:42:36.533
c5519a4e-855e-4462-9c9c-ea1590b09e63,f153988f-7322-46ab-bea5-ff8dba852d53,Sokak Kedisi,03/06/2024,2500.0,Female,False,2025-07-29 14:54:28.858
47cf882a-972a-47f2-ae46-e6e85d91f53f,3b616be6-dd7c-4998-ac29-6b8bbebc7da0,Sarman,14/06/2020,7.0,Female,True,2025-07-09 22:23:56.491
75126345-c60c-4e58-bde2-1151b3e54057,34fe690b-5b3a-4718-b245-d76a84841667,Norwegian Forest,07/05/2022,2.0,Female,False,2025-06-08 11:12:38.624
e4935c38-7565-4a97-95d8-788eae005509,31804004-7084-454c-af92-9270189d1520,Scottish Fold,15/06/2024,3.0,Male,True,2025-07-21 09:51:27.201
eade7cb6-dc2d-47c6-9b8a-fabc709cd7d4,6ac71678-3f6e-4123-8fa6-9957fb37039b,Uzun Tüylü Tekir,17/02/2022,4.0,Female,True,2025-07-06 18:44:47.404
b1113eff-03c1-490e-90f5-763c5339ef17,9ca794c4-dc06-442b-80e3-c02870870122,Scottish Fold,03/11/2016,3.0,Female,True,2025-07-30 23:24:30.435
5607eb28-51af-4cef-94d0-380010023241,9f9f3d69-e221-49fb-8b43-41fbb566139c,British Shorthair,05/08/2016,7.0,Male,True,2025-06-26 13:47:52.121
70777452-3357-4a3f-b42e-b7340a48a643,d1317bc8-92ec-4486-98f5-a24af4041937,Tekir,19/04/2023,3.0,Female,True,2025-07-14 01:32:10.547
4e2f361f-722d-4fea-99d8-91d1afbec05c,6e0f8c56-898f-4488-8a4f-2835f397490b,British Longhair,02/07/2024,4.0,Male,True,2025-07-16 16:29:19.202
bb65e195-f5a9-44b9-8075-c3cb98873850,69b63e59-d3c8-4163-b5c2-4d1ed9d3d4aa,Tekir,20/10/2024,4.0,Male,False,2025-06-09 23:25:04.613
740514de-894a-49c3-b2a5-ce6deb41388d,fff5a4ce-02c2-48b7-a558-4d9095f48c72,Tekir,25/05/2025,1.0,Female,False,2025-05-28 17:10:16.117
1eefa8cd-21c3-451d-8b4c-8230c92242b1,14b205b6-cf52-4596-b2c1-4065a2f62141,British Shorthair,27/02/2024,6.0,Male,True,2025-06-27 10:24:32.329
a41f242f-3d2f-40bc-88b3-6c9779ae5aba,55832e2b-d627-42cb-9d99-22ca037265cb,Sokak Kedisi,07/09/2020,4.0,Female,True,2025-08-03 01:56:53.641
eb828414-9f25-4131-aeef-26dbaa6dab15,71328e2f-2cf0-4262-8ead-e9195b496fd0,Van Kedisi,12/11/2019,6.0,Female,True,2025-06-04 23:50:21.855
9ec2f121-828a-471d-b95e-2d5656bb6893,a99da374-2aa3-4789-848f-c763d147dcf6,Üç Renkli Tekir (Calico),30/06/2025,800.0,Male,False,2025-06-30 10:34:41.965
d3b18b39-bf94-4c98-a2aa-0cadc2ed5f42,a5452004-7498-469f-89e0-4efea11b50ff,Sokak Kedisi,29/08/2011,5.0,Male,True,2025-07-10 20:00:04.788
0cd0c7e4-7d34-483a-ae63-93a56964f177,e058feac-4c61-4de8-9e35-8a4ed93409fb,British Longhair,10/09/1996,3.0,Female,False,2025-07-01 00:01:05.263
f5bc28d6-cbb4-4012-ba67-f18eb89ef625,566eda85-4d5c-4c7b-9c24-26fc2e042ac2,Scottish Fold,07/05/2020,5.0,Male,False,2025-05-14 20:35:27.889
da40f9f2-0f65-4fe5-a0de-7097789d091e,b5c71ad2-1fd7-4e2c-a847-43041d155499,British Longhair,01/03/2024,2.0,Female,False,2025-07-04 00:00:55.781
cffb9735-577c-41b8-8df0-9cf9ff87eebc,9d2a5b92-022b-45b3-967b-51e1d0d9aa0d,Arabian Miu,24/09/2020,4.0,Female,True,2025-06-26 10:45:19.521
bc3d9a57-6d48-487c-8a0b-8e89db75b712,82c5ae3a-4690-4a84-8c9e-0831d11b8760,Scottish Fold,29/06/2024,3.0,Female,True,2025-06-29 11:15:31.460
994dca97-9bce-492c-bf84-bfdf4fa132a0,e53aafff-3f36-4481-819f-9f0240d977ac,Sokak Dedisi,03/08/2012,5.0,Male,True,2025-06-04 14:43:30.574
5bc6431a-8f5e-4e43-a6ea-05c034237a7e,a1e27836-30a9-42e5-935c-1dd32c079bfb,Van Kedisi,07/04/2013,1.0,Female,True,2025-07-23 20:02:54.879
5291cdfa-7bdd-429d-b5ae-03b17a63c34f,26617d22-00ff-4fb2-94da-939badaa1fbb,Tekir,27/07/2023,4.0,Male,True,2025-06-26 16:45:52.620
cbd3e809-efae-424b-8e60-e5078f005763,b8a3dc2c-e1a6-4608-a631-3100e56f5ef1,Brazilian Shorthair,18/02/2024,5.0,Female,False,2025-05-09 00:40:35.809
59136b6f-62b5-4421-bbaa-79b8b4c84546,f8733a39-2f12-4d0f-9da9-0501daf7e0dc,Tekir,03/08/2020,6.0,Female,True,2025-07-24 16:03:14.057
dae416d9-5c41-4843-bf56-7dee6e0419c0,c0f15b68-29a8-4ea4-a49d-0d0c38287e09,Norwegian Forest,23/02/2025,2.0,Female,False,2025-07-01 18:14:42.839
ca147fd3-d3b4-4ae3-9176-60969ca1d160,2510390d-b182-44ef-8022-ce50e9d5b497,Bombay,13/03/2023,6.0,Male,True,2025-05-08 13:08:32.794
8946cbd9-8c03-4248-8b81-03738a7c81dc,f4ba6096-523e-4916-b606-febde8e291f6,Smokin,17/03/2018,5.0,Female,True,2025-06-06 12:48:33.981
35820296-6993-47a2-acf4-979ac7e7370e,899e74da-646c-401e-b53d-fbc56b705f54,Bombay,11/05/2021,6.0,Male,True,2025-07-12 02:20:13.411
ce7ce008-cae0-4607-bd9c-73ae60c79ca6,589674fe-5ff0-4006-99c8-5d7f4575dd69,Tekir,17/03/2023,4.0,Female,True,2025-07-26 01:44:03.980
941e5473-1ea1-4394-96eb-dedbacd390fc,25375f05-5dfd-40fc-a237-d436a1206c84,Smokin,05/07/2023,3.0,Female,True,2025-07-09 10:22:51.836
0542c33e-8db2-411f-a87b-97e1a6238218,0ad245cb-00c1-4232-9e9c-b448c6157a68,Uzun Tüylü Tekir,07/04/2023,2500.0,Male,False,2025-07-17 18:16:09.365
810a69b5-5d83-4aab-9e49-72703edfa518,2ae4c873-79d9-4358-b3c7-19084323db30,British Shorthair,13/05/2012,6.0,Male,True,2025-07-21 16:55:28.924
feed2e3e-de92-4333-b4b6-14f1ee5e4009,37354008-3944-455a-8d44-a7e2d0124d11,Scottish Fold,10/05/2024,3.0,Male,True,2025-07-29 12:56:17.410
61370f30-0e25-4a85-a50d-cc077990e928,2ae4c873-79d9-4358-b3c7-19084323db30,British Shorthair,03/08/2012,10.0,Male,True,2025-07-21 16:54:33.908
36555a19-e587-4b0e-91c1-b3e6d2f3cf40,9d2723c9-17a3-41bf-b1b4-786079ee69d3,Tekir,11/01/2001,4.0,Female,True,2025-06-04 17:49:08.352
d5eec39f-b6d0-4109-a7ec-cc98c9d22e09,c2e937c2-3aea-41b3-bcac-a64373dec69d,Domestic Longhair,03/08/2015,8.0,Female,True,2025-07-07 11:59:41.965
99ac02ec-c46f-41fb-be83-8553c0e7b025,594fbf7d-19cb-4437-9b7d-39264787b5ec,Norwegian Forest,03/05/2023,2.0,Male,True,2025-06-02 19:50:12.466
a20db840-1cef-49d7-8768-5e7c6134912b,11a5c3d0-a875-427a-8395-86bc95876827,Sokak Kedisi,12/03/2012,8.0,Male,True,2025-07-10 09:07:46.594
80d905ca-5190-4162-bdd2-bad8992ef0ad,c12b6042-d524-40db-84eb-ceea6cab9d92,British Shorthair,11/03/2025,4.0,Male,False,2025-07-11 03:08:40.315
60aef3ca-a3a3-4e40-92bd-4a04cbc9b083,140f9000-7d17-47fc-b39e-3786b3941eab,Sokak Dedisi,01/09/2020,7.0,Male,True,2025-05-08 23:45:29.686
11bab8cf-2a59-42c5-968a-fcd339532f15,afa4a1e8-37ac-42f5-9052-01b8c2690926,Norwegian Forest,30/09/2024,3.0,Male,True,2025-07-06 13:06:48.258
63405b25-f2b8-4a4f-a134-970ab2e97994,276c0f0b-5a56-431c-bd18-d7339bc33b2f,Tekir,02/08/2020,5.0,Female,True,2025-06-27 12:53:26.421
efc355bf-74a4-4883-a38e-a79b7fe05f0e,a9648ac5-4d78-44de-902a-8704a2731c7e,Tekir,16/07/2024,5.0,Male,True,2025-06-10 09:12:47.248
7f45f94c-cac2-4194-a910-613f351ce725,63e1a399-b113-4bbc-a864-dc6c47bdd65d,Uzun Tüylü Tekir,25/03/2025,1.0,Female,False,2025-05-27 12:05:53.231
f6c7d7bd-c321-4f17-8fd9-4dfc6a744a92,987091b1-07d7-483d-98db-c2fb805b87f3,British Shorthair,10/06/2023,6.0,Male,True,2025-05-17 01:08:26.399
32180ffb-81e0-4c9c-9cf5-c0a17e5f1dbd,b9c84559-3905-4424-987d-5c65b448c94f,Tekir,03/08/1996,9.0,Male,True,2025-07-29 00:23:54.506
982c075e-6d1c-4765-8566-339bfe0fc411,c66ecac1-c487-4e15-a027-dab19d6f94ce,Bombay,23/01/2022,4.0,Female,True,2025-05-21 09:53:02.634
8d5b26ec-8193-4421-be8c-2ae2cc39f2d0,3f8007a5-5eda-44b3-a42e-b3e7f760de09,British Shorthair,05/06/2023,4.0,Female,True,2025-07-12 16:24:44.966
3242b8dd-fd84-4f9e-9b68-9ce8235db49d,cc753a94-ac7c-4911-9701-7bb7139b372e,British Shorthair,02/06/2024,5.0,Female,False,2025-07-04 05:49:14.177
2f3b3985-e72b-4e91-bbfd-7f9684223d0e,93b83465-216a-4186-bc28-22f79606da4b,British Shorthair,10/05/2023,6.0,Male,True,2025-05-19 17:32:59.133
1db1b904-4191-41ff-a03b-202fef1f0f36,8a746ccd-029a-4d87-818b-bc3922ebbeb7,Persian,26/07/2023,6.0,Male,True,2025-07-18 01:06:19.008
f632e17b-92ab-4971-b159-f153d5ff50b8,0aaf8ec1-334f-4265-b11a-c9f9f45a3358,British Shorthair,14/04/2024,4.0,Female,True,2025-07-11 21:06:10.923
94db3649-03dd-43d4-9e7c-2ef78940e11b,9e44ffab-fd49-4410-9dbd-dd411b47be82,British Shorthair,15/01/2025,4.0,Female,False,2025-07-15 10:51:52.438
d858a6c8-6d6f-4578-a025-6c64ff5c8340,971ca025-dfab-46c1-865b-54f16b459ea2,Tekir,02/11/2024,4.0,Male,False,2025-07-13 18:52:51.360
0fdd457f-a73a-48a2-91fb-ce11e18a4b46,35e6e681-1888-42d9-8720-42f80f30df66,Sarman,06/05/2023,6.0,Male,True,2025-07-03 16:04:29.581
fb438f03-68b4-4a4a-a535-c42832494957,5b7452b9-7c0d-46f0-a1e0-0f00d580e390,British Longhair,13/10/2020,3.0,Female,True,2025-07-27 02:13:42.165
981cff50-91a3-4d4f-84e4-848195efacab,d33020f2-46c7-4cd1-ad6f-0815b5917c9b,British Shorthair,07/05/2020,6.0,Female,True,2025-06-20 03:38:16.204
79687902-6704-46bd-b955-0f46e275e70c,2a6e5cbb-dae7-43a9-88ac-2e8ad1f672ba,Tekir,01/01/2024,2.0,Female,True,2025-05-20 19:27:43.989
29da3d59-2150-4add-a9b1-88cca0ece0b8,61212792-ea93-4c5e-8bcd-51e7167f3d79,Sarman,01/06/2023,5.0,Male,True,2025-05-27 15:06:48.574
181a0066-0550-4621-a2fb-de93e7c58d0f,e0513e65-8573-46b8-bf77-4bdd21ba621b,Tekir,02/01/2021,5.0,Female,True,2025-05-21 19:42:44.179
3fcf3498-35c3-4a50-acec-5af2f3ddb997,3b616be6-dd7c-4998-ac29-6b8bbebc7da0,Tekir,10/07/2024,4.0,Male,True,2025-07-09 22:35:37.923
e0919daa-9b56-4faf-91ad-a88a171a1418,c65bfe09-9539-437f-8d0b-eeb501cf386f,Tekir,01/03/2023,3.0,Female,True,2025-07-07 23:49:47.031
ccef5f49-1c60-41cb-ba59-8ffc5f52ed7f,49c7f15f-536b-4220-b98d-38bab8f1e2ab,Sokak Dedisi,14/04/2023,4.0,Female,True,2025-06-01 05:19:56.575
48a67a1d-e88d-404c-b303-4049d89f0c54,3e19a7d7-e142-4c58-acbf-d78df3cde934,Sokak Kedisi,03/08/2019,5.0,Female,False,2025-07-19 04:54:52.623
116e51c3-d49a-4842-8c7b-1318061958d2,442f4150-0aa1-49bf-b468-1ec62150cff3,Ragdoll,03/05/2024,3.0,Female,False,2025-07-21 12:00:18.197
6cc56118-3b94-4a7a-9354-ff8f78431362,a07bad1c-8f52-4b42-be99-0490c7261073,Sarman,14/05/2025,3.0,Male,False,2025-05-31 01:02:46.485
4a169930-d7e5-433c-a39e-17fd722823ab,2e4a2819-1381-42aa-8124-e7f03ad18e48,Bombay,24/11/2024,2.0,Female,True,2025-06-03 13:18:48.026
039e2a1d-8de4-40b6-a4e1-0de5525690f1,ea661c0a-f379-4654-a9d8-48aec944b54d,Sarman,02/08/2022,4.0,Male,True,2025-06-28 00:51:23.072
24e65e15-45d7-452b-acc0-12380c48df92,6f2bf8d2-2e79-4c1e-999d-ff3ef4a5be25,Sokak Dedisi,06/05/2025,5.0,Male,True,2025-05-06 19:12:02.393
d3834d3b-d835-467e-867f-4a6188f51aaf,edf7bbfc-7556-44dd-b454-f993e6734db8,Sarman,15/06/2023,6.0,Male,True,2025-05-27 15:46:11.047
39c9669f-650f-4d6d-9add-c7705273d71e,0465cc1d-66f5-4ef9-94b5-c0df33a26ea2,Scottish Fold,02/05/2021,4.0,Male,True,2025-06-05 20:42:55.379
7eab3ee0-0394-4310-a3f1-c2cb2060bd4c,e4b76ae9-bba8-4d51-869a-dae58b178f9d,Scottish Fold,03/08/2022,8.0,Male,True,2025-07-08 14:03:59.484
43062a6b-9855-4d47-87b5-1a8b7949385f,63b8a13c-cc44-4679-8f87-b32c70ede444,Scottish Fold,03/05/2020,3.0,Female,False,2025-07-23 07:29:20.335
86364061-e189-4ed6-a21d-cb0755c65312,20cadfa8-faa3-4960-a01c-7ac4287447fc,Uzun Tüylü Tekir,03/05/2024,9.0,Female,True,2025-05-14 15:45:25.505
3f191bfd-a5d0-4f7a-8230-49258cdb4f23,43499f8b-a0b8-4dd2-9173-7ec289e49b2d,British Longhair,03/03/2022,7.0,Male,True,2025-07-17 15:33:10.343
681183e7-d381-49aa-add4-99f9068ec83a,04b177ac-0443-4a37-ae1f-8a3f9293e20b,Tekir,03/08/2023,7.0,Male,True,2025-07-30 12:54:58.455
3bba70f6-b4c3-45ab-8970-f6d1a345a994,360213d5-b5cd-4d37-9648-216c0a306614,British Shorthair,15/04/2022,4.0,Male,True,2025-07-27 16:39:08.133
22100f1d-833d-429b-afb1-5fdb27178b2e,9e7df1ec-a562-44ea-952b-a7e591153ab9,Asian Tabby,21/06/2020,4.0,Female,True,2025-05-31 18:41:55.170
0fbb49a0-3b36-4b7c-91ea-25007a06988d,41e36803-fa18-4142-8506-39214a270863,Tekir,05/05/2023,10.0,Male,False,2025-06-06 16:02:21.324
b3818595-ffe8-4a0e-9401-e4a2c37701ed,647bccb9-88da-49fa-9832-ac38a010c455,Sarman,03/06/2023,4.0,Male,True,2025-06-09 20:42:02.932
86b3aaa9-a38c-4f01-8f8d-557ccd61acdd,c66ecac1-c487-4e15-a027-dab19d6f94ce,British Shorthair,23/01/2022,5.0,Male,True,2025-05-21 09:49:51.621
7890ee76-0e75-4c34-a5ba-dbde7f552ebf,6254c688-f311-4d0c-8cc3-cd66e92f6142,Scottish Straight,10/08/2021,5.0,Female,True,2025-05-20 22:17:06.759
1791d960-9cf4-4970-b8b5-9faec7f0dd49,8e95f926-ddd1-415a-a583-6c0e9cc01a65,Tekir,02/11/2023,2.0,Female,False,2025-06-05 10:10:26.011
db40dc71-7649-44dc-919f-a63b25065a7c,370d7dbb-98fb-495a-a342-49e0066f0cbc,British Shorthair,05/05/2022,6.0,Female,True,2025-05-24 01:30:33.221
da2881dc-9182-41e4-8765-53972d4d2ab9,c3df5d8a-b3b4-44d4-9053-7d517edb43e2,Tekir,03/06/2024,3.0,Male,False,2025-06-28 16:06:01.843
6e182213-c83c-49a3-9c5a-1ec7293cb7f8,5f06f8bf-12a3-42d8-8ca4-5e1f4be6b4d6,Tekir,02/08/2019,7.0,Male,True,2025-06-17 10:08:07.185
5f874da3-c246-4b30-9720-3592faeba857,68099017-69b7-457c-b6e5-9d1f17cb164c,Sarman,16/06/2020,6.0,Female,True,2025-08-01 18:37:40.265
d6a271c8-f387-40c0-a369-3ebfef352988,4cf6bd42-5567-41a2-ad7e-9efb83bf6387,Tekir,01/08/2022,5.0,Female,True,2025-06-15 01:31:11.433
afbafabb-6190-4077-86ba-667affb39a97,113cd1f0-1e26-4972-9267-48f54bd24a28,Sarman,02/08/2016,7.0,Male,True,2025-05-16 13:01:56.307
c94e56ae-5d4d-4202-8d97-778f0b4e5c63,cd2e610e-65a8-4c47-a865-e1f27b6d9fb8,British Shorthair,10/06/2022,4.0,Male,True,2025-07-13 12:14:04.504
ddd225f7-a135-430f-89f3-3d9142108661,68462bc4-ef50-4775-9ebe-0819be15ed58,Tekir,02/08/2018,6.0,Male,True,2025-07-26 13:34:17.860
94f9bd48-102d-4941-918d-18067a4611f4,59928f82-7601-45a7-a4fb-9e82fa8ef063,Tekir,02/03/2011,8.0,Male,True,2025-06-17 20:57:40.355
74200ae7-73bf-49a8-84d7-c407f9eda82a,f4ba6096-523e-4916-b606-febde8e291f6,Sokak Dedisi,07/06/2020,3.0,Female,True,2025-06-06 12:50:31.473
b7c8eb7f-c63e-4956-9ba1-3791500bca25,02fe0bbe-4d55-4414-be19-f9581cf6f5b0,Tekir,01/08/2024,4.0,Male,True,2025-07-16 16:28:28.800
1afaf6ae-accd-44eb-b5f0-1b7bcbbf539b,a552c58f-5977-4c02-9bb0-c78152eb6572,Scottish Fold,09/03/2023,5.0,Male,True,2025-05-23 02:15:29.446
2c319523-1912-49fe-b73f-208f893e64d4,8013e5df-c35f-43e4-b291-bcdd0c594be9,Üç Renkli Tekir (Calico),01/02/2024,5.0,Female,True,2025-06-29 15:23:59.631
e3340634-a7a7-4c92-94d4-d564149f0608,c2823421-9242-4b29-9239-0897d229b202,Scottish Fold,23/03/2018,4.0,Female,True,2025-05-23 11:13:21.059
ec7a4514-818d-4a65-9656-050e63fb77be,d2885d3f-49dd-4fdf-b847-52aeba430cce,British Shorthair,14/05/2022,3500.0,Female,True,2025-07-10 22:26:14.929
d7444db8-8879-4dea-882e-bdbccc577070,5a646c39-f979-4c03-b0ea-276f824fe74e,British Shorthair,12/06/2022,3.0,Female,True,2025-06-16 13:06:11.924
dfa26b82-89fe-4f28-993d-a8106e6fcfb1,b8c29f7a-4bb7-4362-85c1-be766530f9af,Scottish Fold,05/04/2023,7.0,Female,False,2025-05-15 00:10:35.420
f602d855-c20b-485f-a41f-7c0cf300658c,f08e6224-2a17-425d-83f1-cb971194e56e,Sarman,03/09/2015,5.0,Male,True,2025-07-22 05:12:06.932
57185945-d055-49dd-9284-61828b16687e,7be9c7d3-4cfd-4c6f-ab12-4bfe5892a9a3,British Longhair,15/01/2025,2300.0,Male,False,2025-05-19 14:32:49.827
b93fd445-e636-4b53-aafa-dbb71ddac9be,885d9e51-77c1-433b-9805-1cd6d2a34f87,British Shorthair,03/03/2022,5.0,Female,True,2025-05-27 10:12:34.281
7a3354be-0f2d-4023-8312-a8d4f8271c06,c64db865-c810-4a62-94a7-7b00426f5f96,Tekir,05/03/2025,1.0,Female,False,2025-05-23 18:58:41.793
dbab6f98-eb74-4694-af84-a8f1c6e7fc77,7fd7a475-f8f8-4cb9-b419-fbe58c13f3ad,Asian Tabby,19/08/2018,7.0,Female,True,2025-07-13 18:59:26.018
37f6ebdb-4f7e-4ede-b927-336e8f4e8c9a,eed5cd98-f6aa-4e9c-8f7c-267a8e8ee74e,Abyssinian,27/10/2023,5.0,Other,True,2025-05-29 02:02:00.229
7185b65b-b1e3-425d-bb52-f56ed2e3d0eb,90f4f938-b412-4ab5-9720-a347cb9d89d3,Sokak Dedisi,02/08/2009,5.0,Male,True,2025-06-08 22:49:15.139
80dbf041-f47d-415a-8ccf-3366c0eda2ea,707638d5-8499-4aa1-a0d3-458e6108cd5d,Ragdoll,23/11/2008,4.0,Female,True,2025-06-18 20:16:32.096
a7ae5ffa-4086-41dc-bc13-344b6a9e1b80,b67c565c-2f9d-4ac3-82b4-56cba93eba38,Maine Coon,16/06/2024,5.0,Male,False,2025-07-01 14:30:24.139
ac71c0ad-682e-401a-9ef8-940f78669d83,442f4150-0aa1-49bf-b468-1ec62150cff3,Persian,03/02/2021,2.0,Female,True,2025-07-21 11:57:58.891
f40c1dce-2220-4dc6-88e2-2f685ef4fab1,f2d5c877-f594-4d57-8c83-99ca2622fcbb,Uzun Tüylü Tekir,09/07/2017,7.0,Male,True,2025-06-12 20:39:12.928
9e5fa857-3628-46f1-886a-655739b94937,a1f89c1d-27af-48f2-811a-ec827eff1727,British Longhair,02/08/2024,2.0,Male,False,2025-06-29 16:48:01.766
79ea6604-b00d-4fe2-be0f-cf0478e504a8,7dd0315a-29f8-42ce-8229-d3d34744534a,Tekir,02/08/2021,5.0,Female,True,2025-08-02 16:01:15.776
539994d3-7d0b-4cad-b908-a0fdcad4d649,11a28f86-eb28-407e-87e7-c88c7f343a86,Bengal,02/08/2022,6.0,Male,False,2025-07-31 11:48:32.075
fb94c28b-b290-4076-b963-f979ee2fed17,acf9d18a-ac53-4bcf-8637-20604d460f21,Scottish Fold,21/11/2024,2.0,Female,False,2025-06-13 11:29:29.044
4fd4fd0b-ad04-4a76-bce9-9db0fd285911,114ab812-010a-4736-bdd7-688c7b2f5d8f,Scottish Fold,26/08/2023,4.0,Male,True,2025-05-13 22:35:24.248
d4ba0929-156d-43ec-8cae-c2da3f67e686,f90eb4e7-8e19-44df-9e85-7759936a5bb5,British Shorthair,15/03/2022,6.0,Male,True,2025-05-19 00:06:13.337
bc4871df-5e76-4a38-921d-93b804a06782,9f738281-2ad0-47d4-bf07-b879833bd0dd,Sarman,04/08/2005,12.0,Female,True,2025-07-08 15:43:51.682
5fae1c5c-07f8-41dc-a03d-1725ca021e35,163a278a-4784-487b-ad5e-4d806d8ab230,Smokin,16/07/2024,2.0,Male,False,2025-07-08 18:06:19.142
2c3273a5-d5d1-4f84-bcfb-3a05abe552e7,94cf79c7-5a06-40d9-b39e-acaa76dccc5c,British Shorthair,26/05/2018,5.0,Male,True,2025-07-29 22:54:19.290
fccfb00b-7a8d-4078-aec6-5037af4ce6bd,f1f0d2c6-a60c-4cf4-a9e2-7daf30e111f9,Tekir,03/05/2021,6.0,Male,True,2025-05-12 21:47:18.636
78c44f6c-2650-49b6-b858-bd11d69ee6bd,fce54d36-3523-4469-b938-6254ada358f1,Tekir,11/07/2024,3500.0,Male,False,2025-05-11 14:49:11.502
392c4f9a-6508-4199-b178-2054e12e086d,e0ae0e5f-4c95-4104-b88f-22553f0a1b0b,Üç Renkli Tekir (Calico),06/06/2023,4.0,Female,True,2025-07-16 16:39:55.970
283eb4e5-33c9-43da-b210-2bf6bd9d8f22,3b616be6-dd7c-4998-ac29-6b8bbebc7da0,Smokin,10/07/2024,4.0,Female,False,2025-07-09 22:32:46.565
6fb5b8f7-59ce-4fd1-9bef-cd5a31403823,7c49f761-c603-4e76-8eac-c5cbd60082d6,British Shorthair,02/12/2022,5.0,Male,True,2025-07-01 02:03:24.718
5a4793e4-06f6-49c4-8162-b291147fa00f,0ca72a29-5139-4184-9f2e-a5ca0eb81b20,Tekir,15/09/2021,7.0,Male,True,2025-06-09 17:11:39.679
abe49df4-b6c5-49a6-8784-63e088f30918,19fa766f-2f9c-4fc6-9eb7-e13b30d2773e,Asian,05/03/2012,10.0,Male,True,2025-07-03 10:45:11.287
101e340d-83f1-40aa-a8f8-ab8092f16060,baa5e972-a332-4d09-bc31-e6bfda91a6eb,British Shorthair,25/06/2023,6.0,Male,True,2025-06-07 09:42:50.648
ceb5c864-d930-4c64-9798-a07465762e84,5b6a08d9-88ca-426d-9d82-4ff089d79237,British Shorthair,20/12/2022,6.0,Male,True,2025-05-22 20:16:40.389
ab643a28-3a90-4b33-ab6a-3bb081d1a396,1b192a3d-3d6b-424b-b702-2205ebcedeed,Bombay,02/11/2018,6.0,Female,True,2025-05-16 18:08:46.539
ae05d1ea-a2d0-4762-b08d-8a59ab206aea,d67ace0e-6951-4732-8c4e-1bb34fc5d361,British Longhair,08/08/2024,1.0,Female,False,2025-05-16 20:19:21.947
04b92518-9860-4941-84b7-bf52d8784265,c27c66d7-a99f-4be2-b6d2-11b1e224bc03,Sarman,01/04/2020,5.0,Male,True,2025-07-27 00:11:43.239
e574f5eb-4a54-451e-a903-9664ca7a3a96,1848a58f-9885-4b9d-992a-5c942217b3c7,Üç Renkli Tekir (Calico),03/11/2023,4.0,Female,True,2025-07-22 22:41:38.625
8b2c1390-4f7f-465b-83e5-0b0511368598,18a7db0a-1d25-4370-b045-5ec7a58fe6ef,Üç Renkli Tekir (Calico),15/10/2021,5.0,Female,True,2025-06-22 18:26:08.316
acf20c7c-f33f-4ff0-8aad-1ee18531191b,3157b414-e003-462d-a64f-79d4d5ef6a41,Burmese,03/08/1996,10.0,Female,True,2025-07-23 20:37:25.449
2acd6f9d-0647-42e9-8fe4-46c84f8325fb,5b6a08d9-88ca-426d-9d82-4ff089d79237,British Longhair,03/03/2021,6.0,Male,True,2025-05-22 20:11:24.709
03428d6b-e425-46b1-9cb1-db7441d05216,0ccd94ed-8286-4860-9f52-40cfe3c5ea6d,British Shorthair,17/06/2024,4700.0,Male,False,2025-06-30 12:42:16.436
57265efc-e035-4cb2-b451-194a35e2732c,adc0dde6-5908-4c25-8854-474f6d713605,Tekir,03/06/2023,4.0,Female,True,2025-06-19 12:16:12.746
9d8a156c-0f8d-4619-ac93-cb9914dd914a,1fc3d29b-1d8c-4ea9-96c9-7f7cbf0359cc,Tekir,22/04/2025,1280.0,Female,False,2025-07-29 16:23:57.571
fb3f7a54-4cd3-4e8c-a35b-bd30f70e506d,63e1a399-b113-4bbc-a864-dc6c47bdd65d,Tekir,05/03/2020,4.0,Male,True,2025-05-27 12:02:52.611
997e3f21-190c-47bb-8b48-af14ef6967f4,0246a849-3814-4ef4-9fbe-03bb7c22baeb,Tekir,14/07/2024,3.0,Male,True,2025-07-14 16:36:18.975
2588f283-ff6f-42c4-a60d-820b652c7d78,7cd21278-3150-4fec-9c7f-cdb490d655f5,Sokak Dedisi,01/05/2024,5.0,Male,True,2025-05-25 11:49:20.691
f59ba6fd-bd60-47b0-8a78-88473602db53,e1ccf70c-4561-4a6c-aa48-8a4bf7c0bed1,Scottish Fold,13/04/2025,1.0,Female,False,2025-06-16 03:37:00.747
66007681-bf59-4338-9991-2cf7a8b37f22,7ecc31b1-aafb-4c95-aa88-53c1e075af4b,British Shorthair,30/03/2020,5.0,Female,True,2025-06-09 15:52:05.144
9379e170-d2a5-468d-983d-8b2c22d43fb4,3af2288a-a327-4c1f-8ef6-b263bb02d607,Bombay,02/08/2022,6.5,Female,True,2025-07-14 17:48:26.285
ad38f0e5-87f2-485d-aca6-8379067a2f4a,2b90622b-79d8-42a3-9b55-34a8b99366e4,Tekir,20/02/2025,2.0,Male,False,2025-05-27 16:40:15.423
8a8749b5-52bb-4a9a-a354-31df206086cc,82c49fbc-5410-4874-bc61-918fd0de7f7d,Üç Renkli Tekir (Calico),03/06/2023,4.0,Female,True,2025-07-30 12:46:40.843
def7ac47-b2c6-4d43-8006-a541548f7c11,a28961d4-bfdb-4c25-b61b-957f84bb2567,Norwegian Forest,01/10/2020,6.0,Female,True,2025-06-21 16:02:27.466
498556c7-0ce4-4ff0-ac0f-0fbfdbf25f14,05cbaba0-c1a7-4dba-9c5c-685c579973d2,Üç Renkli Tekir (Calico),14/02/2024,3.0,Female,False,2025-06-13 17:47:38.231
6941eff3-c129-4ff1-9912-06caeb158725,a07bad1c-8f52-4b42-be99-0490c7261073,Smokin,30/04/2024,3.0,Male,False,2025-05-31 00:58:50.495
f9da3085-3e78-46a5-9def-83d032d941cf,9ec14f3d-2b81-4315-8897-75110d137d00,Tekir,03/08/1996,5.0,Female,True,2025-05-28 18:47:51.550
0a71beff-f31e-4215-90d6-669a7fca522f,59e19291-3e55-4c97-824e-be2aa33d8a5d,Sphynx,23/01/2025,2.0,Male,False,2025-07-23 02:55:13.322
d1a6ab3b-1997-45f6-81fb-8cd2a796d18d,eeed2cbb-d3f5-4de2-9533-2ced3f1ae9f9,Sokak Kedisi,22/04/2025,4.0,Female,True,2025-07-22 18:30:39.199
207f05b3-9ba7-4926-9b03-332b4a13fe25,d068f02e-2103-41b3-ae3b-b398051e0ea2,Norwegian Forest,09/08/2015,6.0,Female,False,2025-06-24 19:21:20.453
7038ce64-b5bb-4ec8-bd6a-96fade876ca8,8013e5df-c35f-43e4-b291-bcdd0c594be9,Tekir,22/03/2025,1.0,Male,False,2025-06-29 15:27:20.754
2d8545df-a3db-421a-9db8-64321c2e0ddb,18f00a7e-1528-49e8-b776-af579ef620a3,Scottish Fold,01/04/2019,5.0,Female,False,2025-05-17 14:07:55.453
a5e97ee9-7911-4eb2-abfc-1f023e2dc298,4cf6bd42-5567-41a2-ad7e-9efb83bf6387,Tekir,01/08/2022,5.0,Female,True,2025-06-15 01:33:38.110
78c9cc20-7be9-409d-96b2-b60f15d4b361,a1e27836-30a9-42e5-935c-1dd32c079bfb,Tekir,26/06/2016,6.0,Male,True,2025-07-23 19:55:30.987
8f9c5352-599b-4e65-b7e0-4ce3e94a50f7,f7be47cb-c5ec-4f57-8fa3-ef40f732de66,Scottish Fold,01/05/2023,4.0,Female,True,2025-07-28 17:18:33.120
fbc0b09e-a190-402c-a948-3df0f1794bfe,5ccd8eec-a4c0-47c1-8940-6aee12e66325,Norwegian Forest,01/09/2022,5.0,Male,True,2025-07-28 11:22:57.792
e68fe573-2c4b-4080-8f7e-4624e25f5b18,331cbaf9-5ad3-45f0-b3aa-815e7d777791,Tekir,14/07/2020,6.0,Male,True,2025-07-14 12:17:47.160
9a1e9ea1-e8cc-4517-8950-2a336a3c9fd4,c5188c20-e1e8-486f-8c09-647217522f54,British Shorthair,03/08/2024,4.0,Male,False,2025-06-23 21:00:14.510
574e7151-3b4e-4bc2-af2c-9d7e9c14c3c8,76d31f8d-af5c-4878-87a2-922f268d215e,Tekir,01/11/2024,3.0,Female,False,2025-05-20 23:00:18.435
4c26caaa-2023-4bda-9e1d-78707324a432,c2d1ca02-d686-424d-92d0-32eaa3d03998,Sarman,18/09/2024,7.0,Male,False,2025-06-18 10:41:33.665
4e8ae2ea-d104-49d9-82e5-f71ed4d0ccee,27087eaa-7d3d-4a84-be80-017e85b8b6c0,Angora,30/04/2016,8.0,Female,True,2025-07-28 15:32:22.806
e0c33a96-09d6-48be-a290-790ec794f405,794ec251-7d45-4c90-8fb6-1b8fc8cb3908,Persian,02/07/2014,3.0,Female,True,2025-06-20 13:44:20.887
fc87bc60-80d6-415f-a4ad-94c97c86abbc,0246a849-3814-4ef4-9fbe-03bb7c22baeb,Tekir,15/08/2021,6.0,Male,True,2025-07-14 16:34:10.114
f6e9fcfb-5f9e-4cd9-9921-80f2a7dd917b,5c3d94d4-3072-4811-97a5-7e7e788ed926,Domestic Shorthair,20/08/2023,4.0,Female,True,2025-05-21 21:59:47.466
ef701f0b-961a-4f41-8a38-ed266d02e7c2,5a646c39-f979-4c03-b0ea-276f824fe74e,Scottish Fold,16/03/2025,1.0,Female,False,2025-06-16 13:12:09.704
34a69cc7-1f7d-4ffe-8852-664c9cafdffe,563876aa-dc6b-4823-a0e4-513361a7271b,Üç Renkli Tekir (Calico),01/08/2025,4.0,Female,True,2025-08-01 14:22:17.315
190276a0-7eaa-4974-a13e-77d28892d894,563876aa-dc6b-4823-a0e4-513361a7271b,Tekir,17/08/2018,8.0,Female,True,2025-08-01 14:23:57.032
2d975832-41f9-4d68-8ced-313c3b4bbf3a,9bf15ab5-ee50-49dd-a93d-e8e84d1c3f18,Smokin,01/07/2024,9.0,Male,False,2025-07-01 10:09:13.975
ea482e5a-d7d8-41d7-8bf3-0b46f4e32078,be15509d-c7b5-45fe-ae21-fa345d20601a,Üç Renkli Tekir (Calico),01/04/2020,6.0,Female,True,2025-06-08 12:04:39.062
c9e811b3-78fd-4cb2-908a-55e0bfae0437,8882c4a0-4770-4159-9ccf-56ea3e730f95,Tekir,01/08/2019,5300.0,Male,True,2025-08-01 15:30:03.096
c96fc821-ac7a-41da-9a2c-647a1380efd4,301c5342-1d42-40c6-82bd-bea3550bfb7b,Üç Renkli Tekir (Calico),01/07/2024,4.0,Female,True,2025-06-20 06:51:34.890
83c5df63-5025-48f9-94f8-51210c530dd7,e5f44a85-2554-4ffa-bff3-4e468869a196,Scottish Fold,23/03/2018,8.0,Male,True,2025-07-05 02:10:03.218
6b639d22-4734-48ca-bdb5-d643c313a79a,af29957e-cd3a-4ea6-a821-f7a2974fec9e,American Shorthair,03/08/2012,5.0,Male,True,2025-06-24 20:42:50.172
a5b6bc44-948f-44ed-85f2-1d64fd27ec6a,ac66acb0-9d1e-4b07-a96d-16bf9af7d5f5,Sokak Kedisi,10/03/2022,9.0,Male,True,2025-07-10 09:04:37.974
a0d92286-71f5-4f65-b25c-a4e14715be78,4edd9d81-b39c-4565-807e-c719c1f2decf,Tekir,03/08/2024,3.0,Male,True,2025-06-04 03:30:19.495
14dbb079-28f8-4813-a01f-4b96f82008af,e432ef58-3233-4792-81ad-f9ecd265ba36,Tekir,11/12/2023,380.0,Male,False,2025-05-15 16:20:26.083
427f39b0-6810-4a9d-ab66-78e5b96453bb,c0430412-f391-460b-84d3-f682da35f223,British Shorthair,14/05/2025,4.0,Female,True,2025-05-14 17:35:28.460
09a8b955-c82f-4c75-9819-61adbd1dfe34,faf3580f-9e89-44c1-873e-c38ba5016e2e,Sarman,30/12/2020,6.0,Male,True,2025-06-23 13:46:58.005
5d4bf748-5a12-4c12-9dd4-8f92d7f359e6,45269ad0-8118-4635-ae94-36ecad88bbe7,Sarman,08/08/2017,5.0,Female,True,2025-07-30 14:03:36.478
f831ce5b-b377-4094-b18d-ace64e07508d,d2885d3f-49dd-4fdf-b847-52aeba430cce,Bombay,01/06/2023,6500.0,Male,True,2025-07-10 22:28:50.573
90b344e5-4beb-40b3-a348-e0baee27e76b,e6ed6d87-b109-41b3-8181-65db3abf21b8,Bombay,04/04/2023,4.0,Male,True,2025-07-07 13:13:22.566
c8d196c1-35a2-4e5a-b5a0-38ab19f72988,e6ed6d87-b109-41b3-8181-65db3abf21b8,Norwegian Forest,06/06/2024,5.0,Male,True,2025-07-07 13:18:10.276
0600d811-1d9d-4ddf-96d2-d7fe9688f29d,c43b40ff-0db9-4692-8a44-5cb2f7e932c7,Uzun Tüylü Tekir,08/03/2016,9.0,Male,True,2025-06-05 19:23:06.103
1ad69956-370d-4817-b53d-fd9d3cd0c619,7d9a558c-ae8c-4f0b-aa0d-c0c007bac80b,Tekir,11/09/2019,6.0,Female,True,2025-06-05 23:10:03.220
41cc407a-b1ba-4332-8618-2961a1f5f0bf,85e32550-cd28-4220-917e-08b43b1e0417,Tekir,05/05/2020,4.0,Female,True,2025-07-24 19:04:48.709
e5285d58-2852-410f-b917-17c7dc555613,a552c58f-5977-4c02-9bb0-c78152eb6572,Scottish Fold,09/03/2023,6.0,Male,True,2025-05-23 02:13:38.573
a5f67fb3-ff23-4e04-9b68-95adf4ae74e3,43499f8b-a0b8-4dd2-9173-7ec289e49b2d,Abyssinian,03/08/1996,8.0,Female,True,2025-07-17 19:08:18.199
2c54d826-4073-4186-8a72-0b245337c24c,570fbf62-6414-4df4-b2ba-36227dab31de,Üç Renkli Tekir (Calico),29/01/2023,4.0,Female,True,2025-07-10 15:04:22.330
cb75d166-bf1e-4ad8-9e95-2e62fbbec18f,bdb149f9-069a-4c93-bcdf-8d5ac7b95419,Tekir,27/04/2021,4.0,Female,False,2025-06-02 13:40:36.182
c0ddfa20-1840-4074-84a2-742bc8e7838d,be0dfa8c-8470-45eb-87d9-cc938a0e581a,British Shorthair,10/06/2019,4.0,Female,True,2025-07-23 00:31:33.518
2d8a9132-7545-42e4-be42-990e11d19c6a,dae5b7d6-d2fb-4953-beb0-98ccf3c7cf93,Tekir,27/05/2024,3.0,Female,True,2025-07-12 22:06:08.805
034fad5f-6f2e-436b-a4a7-2871869434d7,d31017fb-ace4-4cf6-be79-bb94215bd881,Tekir,03/08/1996,3.0,Female,True,2025-06-09 04:25:06.949
5a7823fb-67bd-4495-9ae4-8e64d6f42fe0,885ea162-9408-45bb-8270-cbce6351cf07,Sarman,16/05/2024,3.0,Male,False,2025-06-08 12:33:37.366
ff72accc-340d-4d74-b197-adb6bbf73834,819f4fdc-c09b-4082-8840-87e62405f525,British Shorthair,01/09/2024,3.0,Female,True,2025-07-08 19:09:35.984
65c52348-20ea-411f-8537-d2eaca5d0523,2db57bbe-677c-4f9a-8d9e-5d64c75d0240,Sarman,15/08/2019,11.0,Male,True,2025-06-09 17:47:47.146
1d49ccaf-92b4-40db-aa61-70172a895c2a,62562b02-74e9-46ef-8d6e-be9c0b40b38e,British Shorthair,22/03/2024,2.0,Female,False,2025-05-21 02:45:44.264
7eac676f-ef2a-4487-9a2e-05a386b34122,9fc82ad9-52d1-4333-92d8-b68d7ef2c48c,Tekir,03/04/2023,3.0,Female,True,2025-07-18 00:50:06.956
82f9f0f4-6d5d-4d56-9b46-1e07620fa8b7,966f16ea-83d8-491f-8910-ee163e26874b,British Shorthair,03/08/2024,4.0,Male,True,2025-07-10 18:23:46.543
2416d36c-c8e5-4d1d-9c58-3334e8c328bf,433c39af-ed04-4b7a-b652-a0f32032ff43,Uzun Tüylü Tekir,06/05/2022,7.0,Male,True,2025-06-30 12:31:58.062
585babb6-e7c7-429d-8597-3d3ae9c0a927,c598938f-b744-4824-882a-6ffba7581846,Tekir,16/06/2010,3.0,Male,True,2025-06-27 11:10:08.706
2555c10d-20e5-4fde-b3a8-0a5408459c51,a9df7329-6f7d-4ada-bcc8-789ad2b79460,British Shorthair,01/07/2021,5.0,Male,False,2025-07-01 18:00:08.374
b9c8cd73-7f5d-42e4-9538-198a492caf54,98908760-662d-4a0e-a2dd-94124f7f0b7f,Tekir,15/03/2025,1.0,Female,False,2025-06-10 03:02:48.705
ba5c97d5-02a5-4023-899a-5cddc9460f26,1c544286-8870-48da-a2ac-8bd43d55415b,Tekir,04/07/2023,6.0,Male,True,2025-08-01 05:09:29.383
5914ee66-a9f2-4839-ab8c-2f27bebc5caa,bd06d16f-2461-499a-a0a8-041b431a2427,Sokak Kedisi,02/11/2024,5.0,Female,True,2025-07-02 23:59:18.367
685462d3-f5cf-4824-8019-52e7c6597c93,fdcd0f33-4ed5-4470-846c-4e14971d7b81,British Shorthair,09/06/2024,4.0,Male,True,2025-07-22 01:13:13.932
90ee53fa-3bd4-4d39-b86c-acf457bbdbb3,ac46b891-8a47-4b85-9e4b-731ad4320dcb,British Shorthair,20/12/2021,6.0,Male,True,2025-05-09 13:32:14.398
4db1b6d7-24aa-40ad-a59c-fb75cfbf8bc8,9d94b288-7cda-414c-abed-80d4a776bfc0,Bombay,15/01/2022,7500.0,Male,True,2025-06-20 22:54:50.046
126d9ed8-f053-4724-b734-bfa61e70c21b,43bf9896-8170-40d6-a44e-d5e5bdd175dd,Brazilian Shorthair,14/05/2025,3.0,Female,True,2025-05-14 22:22:06.793
21d0bc18-b37e-4740-bf92-55b9cea0d91d,2febff69-05db-41ca-b0da-c09f1c63a70c,Himalayan,25/09/2019,3860.0,Female,True,2025-05-15 07:16:23.492
4df14369-cc8d-4a80-ab24-9c4fa9b67791,fab4a59f-934c-4b13-876c-2dfc8a494425,Tekir,05/01/2019,4200.0,Female,True,2025-05-24 22:19:56.864
228139f9-0460-4c3a-9f84-c182317fffcb,74eae3a8-cab4-4552-acc0-f1cef26750ea,Agean,03/08/1996,7.0,Female,False,2025-05-20 22:05:52.462
3e61ca68-65d1-48df-b1c1-d43878745c2c,48001e02-99bd-4931-893c-c8d466267aca,Agean,18/05/2022,5.0,Male,True,2025-05-18 00:45:14.495
d8af0c70-c110-49b9-9355-3812ee028299,e1ccf70c-4561-4a6c-aa48-8a4bf7c0bed1,Exotic Shorthair,13/03/2025,1.0,Male,False,2025-06-16 03:35:07.835
6648db26-ca7f-4a45-b03d-ea2a14a7217a,b836d36b-bb03-4d0a-bff9-cb7785f0073f,Üç Renkli Tekir (Calico),01/09/2020,5.0,Female,True,2025-07-09 02:52:31.656
93bfdfdd-83b1-4d2b-ad42-e35d88c6e357,d031f78c-786c-4f47-bbea-b643c49a5435,Abyssinian,03/08/2002,4.0,Female,False,2025-06-17 00:55:46.422
eb6525da-f41e-4585-9ac1-8de405648a96,bcf8aecf-9495-4170-a142-bbe8d6f778a6,British Shorthair,09/05/2024,3.0,Male,True,2025-07-09 00:23:19.856
c03b7704-be78-4acd-9158-b53ad9f2023e,334bf499-748e-4e78-8c81-408140a61f5d,Tekir,04/07/2024,4.0,Male,False,2025-06-04 19:06:43.189
40cf2b1d-86b9-4f82-ae7a-4cdbd1b67c4e,0760a6c5-00e6-4ff4-a3bf-3c9a6abf22e8,Sarman,21/07/2017,4.0,Male,True,2025-07-21 09:56:29.866
729bf9ff-b1ed-4821-a634-2ca77c45acbc,57629066-d8f9-4235-90c7-613ccfb9cfbe,British Shorthair,17/01/2018,5.0,Female,True,2025-06-08 17:32:26.600
0555f94c-ef0b-4ec6-82fe-2c1b117868b1,fa58d1ed-4938-47da-8bae-93df7dbc4133,Exotic Shorthair,02/09/2024,4.0,Female,True,2025-07-28 23:43:44.016
3176ef96-4c84-4815-81b9-bc3e8b113025,e1ccf70c-4561-4a6c-aa48-8a4bf7c0bed1,British Shorthair,13/07/2021,4.0,Female,True,2025-06-16 03:28:43.219
df53a296-cec1-4e6c-a327-b2941c6aa01a,7b2f1b45-d8dc-4b3a-9af3-9f2cb67dcb5c,Tekir,22/05/2019,5.0,Male,True,2025-05-22 01:21:37.314
b122e92d-b50b-434f-b637-5651c83ed63a,28b9ddd9-b129-4efd-9113-ecb0c49b8308,Smokin,02/04/2022,7.0,Male,True,2025-05-25 12:38:44.442
c67201b7-a30f-4d4e-ac88-02c777122ca0,c8b3d353-0a52-4b8a-a992-4783f66ef5c6,Sarman,17/06/2017,6.0,Male,True,2025-07-09 20:29:31.067
07594268-7d68-4c86-b660-c8fa94160fc4,c598938f-b744-4824-882a-6ffba7581846,Üç Renkli Tekir (Calico),15/08/2024,3.0,Female,False,2025-06-27 11:25:05.096
41449129-5ad4-44ce-88f2-a31cc012195d,070d6194-6640-4863-8704-1962e3688203,Tekir,02/08/2018,4.0,Male,True,2025-06-03 09:10:27.355
536955b2-052e-4a58-96e1-ad474c4b2667,c90caad8-c357-448e-8d54-9c7ae5508c9f,Tekir,01/01/2021,5.0,Female,True,2025-07-02 18:41:40.493
97136c3e-84df-462f-849f-c3b4649d229a,c1a414cd-c9fe-4c93-a36f-5df25cd3f80b,Tekir,13/07/2023,3.0,Female,True,2025-06-21 01:56:53.182
966b0e27-a7c5-4855-b60a-1d7640721cc3,94cf79c7-5a06-40d9-b39e-acaa76dccc5c,British Shorthair,05/12/2022,4.0,Female,True,2025-07-29 22:56:59.580
92b2ed87-5f7a-4135-8d3f-592acf74dbd2,070d6194-6640-4863-8704-1962e3688203,Tekir,03/08/2014,4.0,Female,True,2025-06-03 09:06:58.673
70d0d641-641f-416c-ad72-75496e97798a,32c3a8d1-ac28-48ef-9068-c2c8c2c92707,Uzun Tüylü Tekir,28/03/2025,1.0,Male,False,2025-05-17 14:14:01.728
eb49b97e-8c15-4ea2-ac2c-9e4d493a035b,b585e448-d372-4b84-91c4-6e67deb42cbb,British Shorthair,02/01/2025,4250.0,Male,True,2025-07-04 13:27:16.081
e25fa13d-e083-416c-9821-eddf1ae4442f,7d55bb72-8a71-4df0-8c41-346f631a19e6,Sokak Dedisi,22/03/2003,4.0,Female,True,2025-06-17 21:35:34.537
08394379-3ffd-4e83-b20d-1c71e1eb5b55,c1751803-9548-451b-b4fd-91378be10d78,British Shorthair,02/04/2025,1.0,Female,False,2025-05-21 15:46:19.095
e50af92f-be4d-490a-8253-6f8e02e5bd9d,4de03e63-c70e-4ab2-998d-6c9f98140536,Üç Renkli Tekir (Calico),03/08/2023,4.0,Female,True,2025-06-03 13:47:59.744
2e99260f-a982-435a-a203-8c284f499352,bec35dfb-bf42-4a22-8555-cdc1174384ea,British Shorthair,01/05/2019,5800.0,Male,True,2025-06-26 19:01:30.505
de90655c-a705-4560-bcc9-78e87524d5b7,8dec8cd6-2e58-44f7-9eaa-0983b1c61ae2,British Shorthair,06/08/2023,2.0,Female,True,2025-06-03 07:42:57.787
e1fc8f11-651d-46e0-a84e-f8f54fed482f,50ec6b8f-47cb-44b4-9e83-16d5997924cf,Tekir,27/08/2024,5500.0,Male,True,2025-05-17 19:55:04.738
8ff2bc16-52fd-465c-bc0b-ff9faa640a95,0b03943e-14cb-4509-b495-1a842bbb88d5,British Shorthair,26/09/2024,3.0,Male,True,2025-07-16 14:46:28.062
fa948b24-6980-4d41-a095-09498149a09b,6ff0c378-0786-430d-9cb3-57607409f290,Tekir,25/01/2025,2.0,Female,False,2025-06-30 14:37:29.499
31dd89f6-2411-4d7c-b296-31143bc3f958,d3a7d55a-8323-4c39-af16-ed5c2b8141dd,Siamese,13/07/2020,4.0,Male,True,2025-07-13 12:06:08.415
290d90c8-4146-403b-9f7d-ec59c4c13562,fce87ad2-2782-41de-ae2f-44b2d7fbb0ac,British Shorthair,22/05/2023,8000.0,Female,True,2025-05-14 00:24:27.419
21f6cdec-01c6-4ec3-8d98-66a55d9811a5,71cd5f8a-fdcd-4ea9-ab2f-27b9325ba29a,British Longhair,22/10/2024,4.0,Male,True,2025-06-17 02:24:19.428
009075af-030f-4cbc-a723-522eeb13de3c,3617eb8e-176b-4267-a0ff-3e54bd5795e7,British Longhair,03/08/2014,10.0,Male,False,2025-07-19 02:29:57.996
67f589dd-e254-4f33-9f3c-feb8e6b571d8,98252abd-83b7-4107-9c02-003f3e4b3286,Siamese,15/03/2025,1.0,Female,False,2025-06-17 18:30:14.992
b4ada7f4-710f-4a56-80f9-fd808798cfdc,b3fb91dc-f232-4311-b7a5-2c00e3b0b562,Sarman,26/08/2019,5.0,Male,True,2025-07-28 16:23:31.444
7b7024dc-1b29-491a-985a-82921b158acb,42653267-c199-4951-bb66-305fae1e3b44,Anatoli,04/05/2025,1.0,Male,False,2025-06-01 12:03:20.146
7c900720-6e30-47f8-8d1b-a54065386720,dcfe0b8c-8b2e-410a-938f-4413928c4872,Uzun Tüylü Tekir,03/08/2020,4.0,Female,True,2025-07-15 12:23:36.654
7e2f6591-ce38-4246-ae1a-4193acab4583,a2b3a72e-2cce-49e7-bf5c-b2760fe1445e,Sarman,06/08/2023,5.0,Male,True,2025-06-23 08:00:12.194
4fe0a491-4292-448d-97e2-be2092cd5cc3,9089a57e-cb86-445b-a006-a8f1a7f4c6f9,Van Kedisi,03/08/2020,4.0,Female,True,2025-06-07 11:36:13.304
5f6b5469-c08c-4557-a599-55df35d626f8,563876aa-dc6b-4823-a0e4-513361a7271b,Tekir,03/07/2021,4.0,Female,True,2025-08-01 14:34:24.440
2dcd23ef-d4ad-4af4-a38b-30286fbd9ec8,d2bd86bb-fcb9-4052-b4d7-f75ee9acf2d8,Tekir,01/06/2021,5.0,Female,True,2025-07-30 15:13:22.851
0bfbdf17-4375-4db9-80da-fd7176c8ef52,58888b3d-1c75-4766-b8b8-6f0e1017a27c,Üç Renkli Tekir (Calico),24/11/2022,3.0,Female,True,2025-06-02 20:23:08.046
3cecbdc2-dbbf-4c3d-b9c2-31904ebb731f,7961a8a9-a8fa-40f3-8797-6865d281e29d,Tekir,05/03/2020,4.0,Male,True,2025-06-26 14:23:04.788
350bd9dd-3171-4058-ab18-649f1e8757ba,65d94fca-1142-4aa5-b839-a5da758b670a,Tekir,28/04/2024,4.0,Female,True,2025-08-03 14:38:03.182
04d417a0-86ac-4c0d-bc08-6dc598ad14cb,d2bd86bb-fcb9-4052-b4d7-f75ee9acf2d8,Uzun Tüylü Tekir,08/03/2021,5.0,Female,True,2025-07-30 15:15:37.142
41753e4e-9684-4fb9-9a51-a6ae5d2cb593,fdf52349-095d-4f97-97f0-ed4884fd194e,Üç Renkli Tekir (Calico),08/04/2025,1.0,Female,False,2025-06-28 10:39:26.017
a791c4e7-e3cf-4793-b71f-19ecf714dbc6,965a12bb-9dce-40da-8c9d-5d96f272a129,British Longhair,30/12/2023,4.0,Female,True,2025-07-29 16:58:37.254
0338bc39-e69b-45f6-b28f-c63484353be1,75968490-9e26-4b45-aeb0-8b36ed12a579,Tekir,01/04/2025,1.0,Male,False,2025-06-29 12:15:34.348
e021aa56-eb21-4607-a9d6-03505bcd5ad7,3c99c6d0-4b2d-4d0d-960e-895e09be889f,Tekir,21/10/2017,6.0,Female,True,2025-05-31 09:40:04.506
e601f049-c8ab-4de4-ba6c-7e8245eb6463,e2fb63e9-722a-4276-8699-17b2edb5d8b8,Bombay,01/08/2022,5.0,Female,True,2025-07-10 16:00:23.044
8b484714-30c5-4f70-9289-f68bb4822ec8,0436d873-8297-406e-9bef-17cdcc066c85,Smokin,01/08/2020,6.0,Male,True,2025-05-27 12:02:04.748
04eb5376-34bf-4edd-8381-f81857a96d88,9f8c777f-8f9b-4023-a057-99b6a5310b1b,Angora,04/08/2020,5.0,Female,True,2025-07-11 00:37:56.872
fd5a11fc-3d9d-47fa-b0b5-e3aff7e4329c,82c49fbc-5410-4874-bc61-918fd0de7f7d,Sarman,02/07/2024,3.0,Male,False,2025-07-30 12:51:28.583
3f1ffd33-3f42-4b3c-a4a1-fc7ff03e15e2,18f00a7e-1528-49e8-b776-af579ef620a3,British Shorthair,02/04/2021,330.0,Female,False,2025-05-17 14:05:45.944
30d361d9-61f2-4eda-9209-46052d04fa0f,7a19935e-c074-4f0d-b736-d21761d8095a,British Shorthair,03/10/2019,5.0,Male,True,2025-05-28 08:53:40.757
baf99664-40cc-42d1-b2c1-435b357d9edb,c65bfe09-9539-437f-8d0b-eeb501cf386f,Tekir,01/08/2024,2.0,Female,True,2025-07-07 23:55:18.861
a86ceb20-518a-4415-ac7e-da632a336532,ab0c4c40-ed27-4023-9efe-3c6ffec40a8c,Smokin,03/08/2012,4.0,Female,True,2025-06-10 19:03:07.998
b769676e-4892-4501-b6bb-fda53c94a788,89457491-1508-4e0b-afb8-1038146c5950,Sokak Kedisi,02/09/2021,7.0,Male,True,2025-07-02 15:19:14.719
97c99dfa-a01a-4da5-a764-3d7f1c418142,a07bad1c-8f52-4b42-be99-0490c7261073,Tekir,13/05/2019,4.0,Female,True,2025-05-30 23:08:40.119
71279dde-a0cb-4967-85d1-83c21974daf4,b8747256-3621-43b5-a338-2f0aa7e6ce7a,Scottish Fold,18/08/2024,3350.0,Female,False,2025-06-18 13:35:12.564
8b87024e-51cb-4249-beb9-6f89d2103d74,f51c37a0-9456-40e9-a1ee-5e3558090a77,Tekir,22/02/2023,6.0,Male,True,2025-06-26 23:00:52.404
577017fc-d3cc-4a76-9af7-7a801cd60381,ef66b794-7c7d-4c21-aafc-eb6cf1757dc7,Smokin,10/09/2011,12.0,Male,True,2025-07-12 10:55:46.160
63f4434b-3f71-4678-8d53-27583dc28043,fa7e2cb0-f71b-417e-ae43-c87815adb5ce,Tekir,20/08/2020,8.0,Male,True,2025-07-13 23:21:45.995
ba17d5df-2841-4cef-8ef1-9f0e278a6135,f2bc3892-202e-4a2a-adce-e84797da66e8,Üç Renkli Tekir (Calico),11/09/2014,7.0,Female,True,2025-05-27 12:56:24.954
04f8c88f-a08d-4255-a00f-4c2ce527db32,2d537fc0-9781-4dc4-be14-93032e0bfff2,Tekir,02/08/2023,11.0,Female,True,2025-07-05 12:35:32.478
2969e4d3-a8c8-44e1-96b4-9d27b55d17bf,9d94b288-7cda-414c-abed-80d4a776bfc0,Tekir,15/12/2021,7000.0,Female,True,2025-06-20 23:04:43.481
ad0d6eec-816f-4359-907c-dc0154196ea8,18ccdc14-f59a-438e-8998-980768c0c5ba,Tekir,24/03/2024,5.0,Male,True,2025-05-24 06:40:12.491
920fdeca-0fec-4569-b241-48f2849d819b,570dd33e-07dd-491c-870a-d997710a8bcd,British Shorthair,14/02/2024,6.0,Male,True,2025-06-06 21:17:14.548
a17acccf-4d4c-4a11-8920-a37e5e700781,58bc15e8-d231-453b-8167-5e4a28dde1e7,Üç Renkli Tekir (Calico),03/06/2001,4.0,Female,True,2025-05-11 02:22:44.433
fbaf3577-42b6-4e3c-89b2-056aae4e4b4d,f4d7b0c0-b750-4917-b637-893d8ccd76e7,Scottish Fold,02/08/2023,7.0,Male,False,2025-05-11 01:14:16.121
493e82a2-09db-4ce7-96b5-09c0d53c634c,421dbff3-a739-495b-bb00-75c12e6fbad5,Bombay,11/06/2025,1.0,Male,False,2025-07-11 12:12:57.048
fb4d5882-a277-4c87-8ffe-25cf94dce988,6cb9fa73-6451-4dc8-a49f-066baeafd36e,British Shorthair,03/08/2024,3.0,Male,True,2025-07-03 00:58:55.716
ff7fc576-a226-4a21-b8d0-e0d85278a690,4ff7f6d5-fd6f-42c2-b6ec-d76b88acb50d,Tekir,28/05/2024,2.0,Female,False,2025-05-29 15:24:55.674
afb9efc8-48ad-41ef-bd63-f2161c0b52c6,eaed3698-28a8-493e-bea2-be400c471266,Sarman,22/03/2025,1.0,Male,False,2025-05-22 22:13:06.967
197b1943-3f07-4260-9824-2fab5ab02ed5,e214d69f-1ee8-4451-8022-e710ab97ae77,Scottish Fold,10/05/2024,4.0,Male,False,2025-06-24 21:36:59.788
03f5e51d-9c61-4dfe-8450-f7c88d37c66f,9c77d4b4-cb72-4bd7-be93-cb3b6e71aca9,Tekir,15/08/2021,6.0,Male,True,2025-06-05 18:51:52.232
27b1176c-92af-435b-9dc6-d059649f0c1f,b59054f7-4b1e-4172-99b9-c7e06700c32d,Ural Rex,09/07/2025,4.0,Male,True,2025-07-09 14:35:57.624
203349b5-0f5a-4547-800c-98c8e60cad7f,793007eb-3879-4673-bffd-e7364dd27960,British Longhair,18/03/2023,4.0,Female,True,2025-06-11 14:37:59.836
a3c7a0e1-5845-427d-95c9-c27a2995f59e,cc5977c9-5b34-4f94-a3c6-a663b2825679,Tekir,23/08/2023,7200.0,Male,True,2025-06-16 12:59:40.443
1ec24068-93ba-40b7-8c8a-1971229108ab,5a861a3e-916b-4be0-a3db-28feaf59b54e,Chincilla,03/09/2020,4.0,Male,True,2025-07-04 12:38:38.350
eed47ecb-09b2-446c-b1b2-08bd84810be6,e5cf76ff-174b-4b1b-b74b-a9c7a0876896,British Shorthair,01/01/2025,2.0,Male,False,2025-06-23 14:53:17.064
d4880f5a-c516-47e0-ab8a-15e289a9b705,41837d5a-3c5d-4935-b50d-82499e19841e,Tekir,16/08/2024,1500.0,Female,False,2025-05-14 12:36:35.616
966ee8ce-2a55-4ef9-a8dd-f70873416ae8,fc65dd14-6034-462b-bc02-9d6971c31b83,Tekir,13/09/2024,2.0,Female,False,2025-05-13 15:34:05.544
3687635f-c722-4880-bab3-d068acf11176,21409e5b-13b2-4dae-abe1-983da392176b,Tekir,15/07/2021,5.0,Male,True,2025-07-14 11:26:42.811
40bb6781-eb50-4517-a3a3-64841f59522d,ed5eddf6-c1c1-4b26-88e8-65f0f560c2cb,British Shorthair,01/06/2023,7.0,Female,True,2025-06-08 00:30:19.557
44f25bc4-30be-4d9b-a3c5-b9fcc955e35c,a327d189-57d8-4f55-978d-58a38f1c5b2f,Tekir,04/10/2019,7.0,Male,True,2025-06-22 10:21:46.155
46d2987a-23c9-49e0-a141-1e6a6e87ded0,d2bd86bb-fcb9-4052-b4d7-f75ee9acf2d8,Bombay,01/01/2022,5.0,Male,True,2025-07-30 15:05:08.840
96be2d52-4a47-4a27-b292-39bb3f16ed71,987091b1-07d7-483d-98db-c2fb805b87f3,Tekir,10/04/2022,4.0,Female,True,2025-05-17 01:04:09.734
048a6d2c-710c-44fa-ab2c-712ef47a956e,cfa8a308-ed22-497f-86cf-cc406917999d,Sarman,06/07/2014,4.0,Female,False,2025-07-05 14:16:36.277
305d7f89-0e2b-4936-96bf-aedccb1edb80,1ee535b6-c5fd-4662-b1c0-43af656a8b7a,Üç Renkli Tekir (Calico),02/05/2022,4.0,Female,True,2025-06-04 14:13:16.159
29259dba-cd41-43e2-b617-e9aacb0ffc14,47b6a390-7fbf-4b0a-ac43-bd41892e586f,Tekir,03/02/2025,3.0,Female,True,2025-07-03 23:20:52.360
9c5703b6-68a3-4881-affe-003d9e465d66,329b6fe2-463b-487c-8cea-21d8fb672aba,British Shorthair,15/03/2025,8.0,Male,False,2025-07-10 02:59:36.336
fde50eaf-0c9e-4ee5-9dea-6608181a3cc3,4b66effc-aca7-47fa-a6b8-ed6c39227747,Uzun Tüylü Tekir,17/11/2017,5.0,Female,True,2025-07-08 22:06:36.751
7e876c71-44e5-48d5-b94e-f2c8228ce45d,8d207a20-fe85-4165-8d7f-f70c242fce45,Chincilla,02/07/2015,2.0,Female,True,2025-05-17 01:07:29.681
5708aff7-fe1b-45c3-8d90-5f5ff35085b1,aa269731-0399-4c62-b819-c965049d8618,Sokak Dedisi,02/06/2025,1.0,Female,True,2025-06-02 12:21:25.728
ab2fb84e-498e-450b-9b5a-fe97d4aeeaf8,11a01d9e-a858-43d0-b3d8-03f6116be839,Domestic Shorthair,15/08/2024,6.0,Male,True,2025-06-18 08:22:50.362
