creditcardid,ownerid,cardaddedtime
70561abc-45e3-47f7-a57d-f493d6e03c9c,d80ee2e2-6eeb-4bd9-a05f-e6ae3f5c24a5,2025-05-23 09:33:42.411
7e992517-7179-44c0-b9ad-28305447e91c,6d739b77-f299-4e16-b6b3-3a13cf9ba610,2025-05-26 13:16:36.679
d4033f45-634c-437d-9e02-db8b1ec5161c,86f7250c-060a-4e17-a290-98d48f6bc861,2025-07-22 13:10:48.496
85b4baa3-2a6a-453a-8212-1333effd3df3,4df92f3d-3e41-4ccb-b367-832497d9929d,2025-06-01 13:32:31.041
2cee5945-7ac8-4eb7-8326-8811f6992ee6,3789189c-2a98-4c52-9d66-59539df76441,2025-06-03 13:34:25.098
bde34443-50a4-46a1-a50f-66c581f0510d,cd3a3378-bdc4-4f78-85d0-eabbe0f722ea,2025-05-10 07:58:20.891
0f6475b3-4324-4d17-8af0-dcdf586d6c5c,0a04d9cb-c4c3-4a64-bc51-13e4e9217c93,2025-07-10 19:45:29.519
c4c1eb15-db21-46a1-a5e8-c7289fb64171,6eb835c5-cc64-4437-9575-01d1e03d84d5,2025-07-27 09:50:53.578
ac8a5cac-15d7-4e63-b3a5-3cac339874a8,1c95589d-220d-46bd-ad56-17ba112caa9a,2025-06-24 18:01:44.035
1aa1ad6b-f68d-4da6-9299-486fa10e0e1e,cc743e67-aab4-4465-b686-0cef0632069f,2025-07-03 11:32:00.303
734a2b0b-09cc-4477-9018-46862994e584,cfe951c2-1156-4ddb-b057-ed52512dad38,2025-05-06 15:55:06.602
d738e9b4-1b10-47ee-92c4-5f78a25ec2d5,c08a433d-4a81-447a-966c-d3ab5f653d19,2025-05-23 19:31:52.287
bf76aee4-5481-4d9d-b8e0-363ca5fc716b,fd945dfc-bdc3-4b97-8062-04c7f92a5be4,2025-05-18 19:17:44.649
5017ed5c-4214-4466-bdf3-d6220073d5ef,3c53afc6-604b-4888-8184-6a5f669376fa,2025-06-12 21:46:05.264
307e3727-037c-4cb7-b146-091f24303a4d,ccaf336b-41fe-4cfe-bf3c-03e5d69edce3,2025-06-11 12:05:16.680
db06c11f-24a4-4d3c-8d77-7b950e563d23,4edd9d81-b39c-4565-807e-c719c1f2decf,2025-06-30 17:54:08.923
4852aad4-e3f5-4a97-aab2-f339ee2e21f1,edb61a71-72dd-4cb4-9d57-a2d62a415be2,2025-05-25 16:49:30.421
ee3c44a2-a492-4ed4-bdc6-0b86b12495e6,499fc0ab-95c9-4694-ba23-63c9f1c02d7f,2025-05-16 09:28:07.464
46e21cf0-db3c-4e52-9f4c-7dc9571a3e72,9189712b-91de-4142-9d04-23cc683dd52c,2025-08-03 14:46:02.260
8dfca866-4a18-404f-b286-685ef64f1c70,46978273-2b66-4876-a3f4-0397bf016cc4,2025-08-01 10:22:31.640
94549119-c9d0-4e04-b2fd-cb8291ecdcdb,165b055b-e62a-4e7d-bc51-c235dd544c21,2025-07-02 08:15:54.987
bd7a1bbf-d857-4c83-94d5-bcf50bf096b5,61212792-ea93-4c5e-8bcd-51e7167f3d79,2025-05-27 15:13:23.098
00dbfa6c-828e-43b5-8174-3b405f7655ce,b4e7ee88-f15b-405f-9e83-1c3bb012b392,2025-06-11 16:11:05.068
47eb968c-33fd-4496-b62b-21f097133218,d9488d63-db7b-4236-b2db-78ecab7a0a30,2025-07-06 14:33:01.148
df72f0c2-74d9-48d4-841c-5352d06c16f9,6d043407-7298-4789-8e50-f3974d56229e,2025-07-24 20:08:53.566
d930f3b5-815a-4e45-9d82-c00498aace99,904e8905-9a87-41dc-825c-7c975d04e4ac,2025-06-30 18:55:53.897
08c4fc5f-e058-401c-b14e-3da0b3e0d1ca,dfa41acf-9e02-4c41-9ce6-0ef9c6b89e1b,2025-05-06 15:00:47.605
9ef8c707-c104-4431-b9a3-21c34f1b86eb,7a33e692-ada5-4b89-b95d-419074ecbc67,2025-06-02 23:10:28.204
dda93726-1b26-4798-bca7-8dd10193eee4,e552a792-fcdb-4dae-a77a-60fae3c7f59e,2025-06-24 15:50:54.862
d6dece39-ce4e-4ea2-9641-3fe584d4407a,94c6a973-a1a2-4db1-9df4-54ec80adc0cd,2025-05-23 10:35:09.487
f0cc7985-ca41-46cb-8fae-b79000d57e42,c43b40ff-0db9-4692-8a44-5cb2f7e932c7,2025-06-05 19:28:40.176
8071d018-e9a5-44d6-a2b8-103f94828c01,76edb9b7-c64e-4cff-a401-66526c75a950,2025-05-07 14:57:27.402
b0c32822-5e4f-44e2-83a0-d4ca6297a23f,c0788ce7-29ed-40e5-8980-da6baad70628,2025-05-31 12:04:14.624
5efdbca2-9ea8-431c-9ab2-7a3bdae054b0,89567574-8c11-42c2-9250-72abf02df2b5,2025-07-04 14:01:59.647
6c7ec102-aef7-4b61-8c27-a519c0db93e4,fe720432-405e-4114-996f-6d8b110ea417,2025-05-20 15:21:17.717
1f32a0ef-465a-4a30-a7f3-c9eaad97ebf3,7b71220d-1c13-4004-a639-db74912881f9,2025-05-23 21:38:45.342
5d5daba3-13a7-42eb-ae12-8e771462c4eb,5d2c0fcf-0a0c-4738-b13a-d415117f5b86,2025-06-07 15:33:08.292
a5f2f67e-4085-485f-968a-a2b129853b64,b37d5f74-339a-4272-97ea-fc8349934988,2025-06-27 09:45:49.018
24a8f987-475a-446d-b1b9-ef28d642aef6,64a2b80f-9648-452a-acb2-22abe358f859,2025-05-25 19:38:17.382
ef3cb4a8-45aa-41bb-992b-2d6fc433c8b7,ec304dd4-efa4-432d-bb98-3eda01edd381,2025-06-23 13:01:26.402
f9c4440b-5cf3-454d-9ebd-4e9365d626b5,cab238ce-d5e6-4cd4-aa44-20bf051283c6,2025-06-18 10:32:21.360
cd7df029-eedb-4147-b5d8-54f37bb15fc1,1098b274-8c5f-44e7-a8de-d7b3b2e22afd,2025-07-31 21:03:56.569
8aa909a9-b978-4109-9a35-73720bd919fa,22f06442-2f89-4513-813b-090ef41d43bc,2025-06-10 14:14:26.863
150e95e7-b3dd-45b3-9c8f-81cc7a1a8c9e,7b5f47ec-1077-436a-964f-c0861086477b,2025-05-28 17:09:08.478
508511e9-a253-4935-9df2-b79acb88f24b,d8d1cfa5-dc28-4571-9d96-2fc102cb1779,2025-07-27 11:45:58.162
706686be-8559-4678-a51c-c4ccdccf40a7,acd95313-1fdc-4603-8663-000959d8a02a,2025-06-24 19:05:44.514
3987ecc9-5bb0-4b22-9de6-6a2cbd8dbce4,6064e939-de0b-4d9b-83b9-bae244a8524c,2025-05-31 18:01:40.550
94908808-dcca-4b46-aeea-ab7bbc908f34,470c1aba-4182-4498-aca9-cdfa569c0fd9,2025-07-15 17:56:33.621
10239487-c209-488b-879b-47ef65bcdbc7,35c2bf6f-adf1-4b3f-b1f2-19352d451269,2025-06-23 18:49:13.378
f8bce4c7-a1e2-4a40-8c18-d3efec9dfe2a,204c80c4-c131-44d9-a5d0-05b55d2b5dcf,2025-06-03 17:38:14.497
27098445-99a6-431a-b3e2-f30aadd5ba7d,1bde3cbe-0d39-4c6f-ab9c-c529d2083cc1,2025-06-16 15:50:01.367
a1f7c1ad-f911-4e88-bcbc-520605f360f3,8abf4b26-05af-4171-8c09-be40e0478fdb,2025-07-07 17:44:06.893
d9e26b88-0de1-49c8-b268-3c9a05fe6696,99827afd-1ac1-484a-9e3e-52137f2aba03,2025-05-25 20:08:01.888
2dbc6a2e-4f62-42f1-a079-1d843196d1a8,8371b14c-9350-412b-a0ef-c706532fa6d2,2025-06-04 21:28:07.019
d9bcba8a-7185-4ec0-b84b-047845c3932e,949162fb-a2b2-43d1-be65-79c5748897a9,2025-06-01 20:38:02.095
20640b13-5a7c-4a28-af21-bcf637355aa6,32efa3ec-b7cf-4738-a2de-b6c02f0590fb,2025-07-01 18:39:39.748
c3ccc6a6-dac3-42f4-b645-82de2f56c91a,2ec7264e-c648-4f98-9843-f3ea3caa348c,2025-06-25 15:31:28.969
d528c7e1-01ad-44cd-b0b3-1dc70a58cc19,d41bb888-1257-4d18-8774-fb4b1c4d617f,2025-07-03 09:39:34.640
d8561c79-cc02-4986-800b-666897be3b30,f7e9584c-9183-4751-b37a-de0d932cc20a,2025-05-28 15:47:15.119
854cf5ab-c0d8-4238-a48a-2f164e493379,55cd9fcf-f2b4-426e-95c6-693fc627499f,2025-07-21 21:04:48.770
f4aca90c-7901-4198-a0d2-f60296ff8085,890d156b-c4bb-44ee-895a-dac0141d8f0e,2025-07-11 18:14:36.593
a2ef893e-c5e2-4247-b66c-0bcbb490df11,8530808e-ec45-43b9-9c58-7524b52f233b,2025-07-01 12:23:30.362
ca23f920-18f7-47df-a49e-1f95dd62c338,fe7c6bbe-b180-425e-b5d5-43c2b351563a,2025-06-25 10:25:49.250
42c8b29f-28ca-4068-865c-67cd0a77e9ab,eb89a8e1-7425-43ea-96fa-c5014acba87b,2025-05-13 00:20:14.392
55601c3d-f953-4f9e-be9b-402beb1fc02b,0a04d9cb-c4c3-4a64-bc51-13e4e9217c93,2025-07-10 19:43:21.133
702a54fb-1e11-4619-8241-2b1471b79af9,4c5b29dc-306e-4292-a1dc-34a49371a79f,2025-07-11 18:17:48.902
cee5886c-a1e8-4209-934b-60611a87ab63,290a3445-9b8e-4707-a458-703850420c38,2025-06-27 21:34:32.009
4c4cd1ec-8fe9-4eae-986f-31e424f9c209,5d2c0fcf-0a0c-4738-b13a-d415117f5b86,2025-06-13 16:43:49.602
0a87f99b-515f-4406-81d4-05e0d658eec1,13015599-fe7c-4b17-9ebd-3c79941ca249,2025-07-12 22:52:52.635
ddae46be-549e-4493-b411-c62897b0fa92,19a44455-2a1b-47ed-8991-09b40695d692,2025-05-24 14:16:13.644
251f373d-47f3-4fe2-87b7-061b0c6d1392,adc77b49-abe7-42f0-9284-961731a6762a,2025-06-23 23:45:15.057
e44c0917-874d-4791-899c-fb6a93250c91,1ceff1c1-38c7-45da-9677-dc8ac1f09335,2025-05-12 12:15:15.366
35e94a76-3200-4cfe-b6e0-c843cbde4758,b4e7ee88-f15b-405f-9e83-1c3bb012b392,2025-06-24 14:48:40.394
671a6bd5-0752-4a70-b394-42c7962d4ed7,348894bb-a75d-4113-8a55-ff15d6290ede,2025-07-14 09:49:36.463
9dfd1a4d-baf0-47e9-9ec2-03e72d164bb2,6596fa72-c3b2-4de5-a4a8-3256b77213ca,2025-07-12 10:36:39.429
02e0028d-c984-4ef1-acbe-4234f2d3406e,c9dab456-0566-4032-a730-5acb9ec03512,2025-06-09 21:54:03.491
38d0818f-2329-4691-91ea-a2038dc4619c,e1497801-056d-48f7-9fdd-9a374dad4f78,2025-06-18 09:14:16.855
8a3a6d64-9d34-4b8a-96bf-4c6ba1113abf,0fee92a1-da36-4ecd-8349-8a68d489e1c5,2025-05-26 11:09:15.315
67e78685-3986-436d-b5b9-6d63c878bfe0,a4b7cc2e-588d-4f62-ad13-bc16b2047369,2025-06-20 08:32:57.487
803b6a38-f08b-409e-8da8-69aa847a3ba8,6a0230cc-f27f-4d35-bdfc-ac5503e401f7,2025-05-12 13:27:27.466
e2367af1-84eb-44ff-b15e-f6b2b62840ac,42c515b8-5866-49dc-84cb-a0ff7baa3c37,2025-05-21 22:26:49.922
b2868663-b95a-42c3-8493-e1c564c5be79,42c60c25-dc7a-4a88-814d-a612d875a5c9,2025-05-30 15:01:31.272
4eabe8c2-53ea-46ce-ab87-8170c6ac579c,3728d92f-5d8a-42ca-b6c5-8ef63c6e2f96,2025-05-09 13:24:25.669
3d7806cd-3cd3-46c0-be8b-2bfc4b7aad3d,1eb5dff4-b571-4994-b3ff-7f6a465e47eb,2025-07-14 21:46:36.037
5763fdca-1dab-4c2e-8dff-aeed8afe4e9b,08ad0d4e-56e7-4287-9119-bd4634ab64de,2025-06-26 16:05:04.205
19cdf892-d6c4-4e22-b975-dda589c074f0,9a82e44e-197b-423d-b3f3-9e238e85661e,2025-05-15 11:59:47.250
4a869037-151f-4af6-bd28-e28b77e4dd45,c7e7abf3-ecc0-4c1c-9609-14e2032ac08a,2025-07-09 12:47:32.803
c446f414-d2f2-4199-b6dc-700aea1451e9,3a3d79d2-8b08-42f7-8443-5e11cc4f870e,2025-07-19 19:21:41.539
faf9f8b5-d2b9-4b41-aa25-d5e47eb816fd,04e6efc6-46f2-4ff2-a9f0-cadec3024635,2025-06-11 14:50:44.378
f2145d23-47dc-4930-bca9-b500c750b491,3016c320-a5dd-40eb-b61f-50159464458b,2025-08-01 10:44:08.221
69b65ea1-7578-4d49-a899-9b0a9dfe4b46,1fee0309-4816-4202-b807-b4f672724481,2025-07-01 00:01:52.332
e4222712-3437-4bd4-a47a-57ad12f57edc,41c50a74-e7f1-4932-acaf-b878af165459,2025-06-09 22:38:44.693
2f00721c-9f63-4172-9a4a-2a4827b55ca5,00bc3aed-8e44-4a3f-8a87-c24e9c72106f,2025-06-30 17:25:18.152
6e36611c-6aea-4e72-9c4d-a083f8bf6d80,c43b40ff-0db9-4692-8a44-5cb2f7e932c7,2025-06-06 21:42:57.930
26ecb52b-8d03-46d0-893f-1ff2b3a72363,9a2b0f32-830c-43b0-ba5c-d4d5ae49765f,2025-06-20 12:57:24.519
bf682bd2-7d9b-44a9-a6e4-05402d8b5410,6fc20dc3-01b6-4f2a-aa58-2dbacc37332f,2025-06-22 07:04:55.850
d2679e60-64c9-42dc-88af-a98b4fd2dcf0,277eec44-8e1b-4099-975c-cd4e0111385b,2025-05-21 15:19:10.834
98f8df04-c14e-40ea-a390-daf6eca0d52e,f14f1d1b-81a0-41e8-85fe-f9aa928e6ac3,2025-07-05 11:21:00.840
f43c7512-62db-4ccb-b858-bbeeb7889797,91832c6d-13ad-45a0-a1c0-c70664f4dc5a,2025-06-02 14:03:42.386
422ef96f-5d65-4e29-9fb5-64bcd9d4f2b9,33e2cba5-3000-42f0-8847-2d8bc1d5b7d9,2025-06-08 12:49:19.509
453f084b-5e8b-4379-9477-848ffdc3ff77,c990583c-34bf-45ab-90cc-2fb6a848b340,2025-06-27 21:22:09.910
aab7d128-080d-4081-8687-a119903e3954,c49d18e3-07d0-46b6-8dfd-0202be2e955b,2025-08-01 13:05:38.881
36190a77-054f-4f36-962f-b59f584f91bb,a5452004-7498-469f-89e0-4efea11b50ff,2025-06-25 09:34:48.155
dd5cd3d2-1790-4040-81f6-9abd5f653ccb,a6be535c-2e82-4f12-b3ba-e62f979018ba,2025-07-11 10:58:02.724
eea93ff0-9636-4aa0-9ca3-40ede1ff84a9,f688c6ba-3139-4949-8cdd-b034b6f37bec,2025-07-02 18:31:30.793
33a2f9ab-22be-4e2b-866b-2bb9b68f3f6b,7cb1ef2a-9ff4-4883-a395-73e1b287ddb3,2025-06-12 14:27:30.773
e5ad70d6-bc37-4183-a257-97036c611f16,e0ae0e5f-4c95-4104-b88f-22553f0a1b0b,2025-07-20 22:50:05.474
3d11a453-d563-4359-b609-67add4dc863a,5d4eda33-0fc7-4901-ad45-69edb2cc8226,2025-06-01 08:26:39.328
373c328e-913a-41ba-8aa4-e923ef331f71,82cdc6ac-8f53-4d54-a4f1-b219876daa60,2025-07-19 14:52:16.727
4e3de894-476c-48e2-8424-fbcdb5185e1c,702bb81e-4896-43ba-b441-cf992f0a7ba1,2025-06-27 14:19:40.135
79a72f58-7b07-4f41-a9de-a8280e276ce1,85078212-f21c-4c42-b5da-fdfc1897c674,2025-06-04 13:06:38.200
bcdc6144-6d84-4053-88d5-9caf25d379cc,8aa385a2-1f57-4ffc-b917-730b87adc77b,2025-07-07 11:19:19.896
2b8e1f25-3693-4a02-999a-e2b5780c477a,ee8714f0-216c-48d3-b6c8-3e1f68f9b15c,2025-06-04 10:52:47.072
da3fd265-0e67-4e64-9b1b-5c15a6fbdfcf,5cf1be76-bb09-4e0d-a983-d7affc862ce9,2025-06-30 09:54:04.338
a321b4f6-de13-4a9f-a0fd-e6014b36b7f7,051e2e4f-7bb6-4cde-8777-849d61428d44,2025-06-20 19:20:56.942
d41407ce-334a-442c-890c-9a7b1a59bf38,0e34bd30-6edd-4b01-9bb9-ebdbf411eca7,2025-06-24 08:47:14.988
7345152f-5e7c-41ae-ac3f-8ed47362866e,c09f66e5-c4b5-4a4f-9b3c-f7208dd41786,2025-06-15 12:57:39.813
2bc7990b-7e93-48f7-a9ba-05255abe3002,f2c7b727-f73a-433d-8dd8-bba74486bd26,2025-05-16 16:27:38.394
3736ba99-9a72-46ca-9c85-2cf2afffaf1e,fe720432-405e-4114-996f-6d8b110ea417,2025-06-13 15:47:29.990
95b5fce1-6e01-4f74-b104-4ed23a9aa491,af1cd7bf-8b45-4ea6-9bb9-eb7df56aae13,2025-06-17 14:24:06.697
fd7b094a-cbba-4685-b97f-aa148268eb0c,0ccac9d4-32a2-47c4-85cc-ccc683ef9cb1,2025-05-09 20:32:20.369
ab63e2f2-4bee-4c36-947a-d56d40bc7d9a,6f779337-51f5-4a49-9cf0-047d607e3dce,2025-06-28 20:13:14.850
f98d01c7-9460-4f6a-ac67-c92f7993842d,07848d4a-2f42-4a9c-9c85-a7e4848390a2,2025-06-25 21:23:31.295
3437a856-40b9-45c5-bf04-c1fdbf7430c9,ee91380e-04f2-4602-a7e1-2b65edcad8cd,2025-05-08 13:46:24.380
58b98f2f-02be-4f63-b636-9797a18ff58d,97a80f53-c2b6-4606-a106-1d13e45dd43a,2025-06-02 14:49:06.627
6bb3075e-a936-4d33-aa8a-573cee963edc,a2303faa-445e-4ce1-89cc-33188661a0c9,2025-07-22 13:24:47.212
58d4ab9c-d295-4d50-b304-cf57e1d40d4f,49f60f31-e6cc-45c3-9a9a-0891fe973b19,2025-07-13 13:01:27.117
577c41a0-c22a-4f98-b58c-5f04b1b7817f,2d363bee-b372-4c6a-8b05-d795412f6ba0,2025-05-18 01:11:09.355
c9669a70-46fa-49a3-8ff6-a15391102a47,e59e493c-9f03-4221-8e85-d9af1f0bec22,2025-06-29 17:12:01.052
17a4dae1-1bee-4448-962b-5e7b3fd8996f,769d4eff-3760-43a4-9c8c-704afbd258fb,2025-07-27 22:16:01.773
a497f889-5a52-4b66-a40a-e61123a0162c,c2a43113-8068-42e3-be14-c6d65d09daec,2025-05-12 09:38:21.736
7f319008-f8b0-4e36-be19-956da46ca6a5,5ce737f9-7ba3-4f1b-8222-4edb37b0d290,2025-08-02 10:51:05.925
d2075611-5320-43c7-a51a-254987ac1086,1e44f7c3-e993-4d2b-9105-6173bedc5096,2025-07-15 09:54:51.092
2b4beac6-5a3c-4f01-a6ba-f2d1332e5fc9,c92f123e-c820-4242-861e-9257a54f7144,2025-05-11 09:29:40.959
d6cc14db-9dfa-4223-a242-596761d47ce6,b00b69e8-d5a6-411b-88b5-e1987988e16d,2025-05-26 10:29:22.244
cfa7daf2-aacd-434f-93b0-f3ae75928df9,cd40b6e4-6906-47ff-b3b9-0d6da870b81f,2025-06-16 08:37:42.211
9e995f5b-c9b0-47d9-a488-2ad67e92c9b3,238ea1e3-3380-4252-9592-3410d7760344,2025-05-19 14:52:08.681
153a537c-252d-4555-bff3-0995df6938dc,1d6fb613-5d6b-498b-bb2e-05c2b7ee79cf,2025-07-09 09:35:59.698
47a054c9-1c86-480e-ae83-adab69da3d4d,0df26eeb-945a-47ec-a59a-3a4b94245be2,2025-06-10 12:58:41.359
d26cccc7-8c67-41bb-aeff-a3722390162b,91832c6d-13ad-45a0-a1c0-c70664f4dc5a,2025-06-02 13:59:48.172
4ed05216-67fe-4115-9bf3-bce7f0b5ba40,f041e3d7-fb23-4f12-a535-fd5b72e98bdb,2025-07-15 03:23:57.701
f9e795c6-64b0-4fe5-b23a-23f35af8596c,a6247daa-098a-46b7-912d-c2bcfd9429ee,2025-06-27 20:52:12.727
b09c2c1d-2e8c-4eb5-9c5c-7075d941f24e,e8ffe1d3-eb03-4a25-a01b-86186e68ca66,2025-06-23 12:26:10.772
7302df6f-44bc-4cc6-9445-60953a5365cd,18be351c-0f72-499a-9a82-3f75e55dd301,2025-07-01 22:36:18.525
bf48b7eb-11f7-4bcd-b3ac-6ffeed14c8f9,dc2280b5-50a7-4591-9d13-194eb73e1274,2025-07-20 13:31:17.486
7cc36c50-fa50-428a-82c0-85246a97462c,4d4637fa-07c0-4d19-acfc-c001198c1bfe,2025-07-01 00:28:28.427
26ba57df-57b6-4c5a-8534-a6d42939daac,06d015bd-37a4-4636-9b4a-0c701b7a3f54,2025-05-23 11:11:24.096
af661712-5405-4a76-b089-bb2a99ecdd17,8d9bd2e0-4b96-481c-913e-43af2924c519,2025-06-19 11:56:41.112
de416d57-19c3-49f2-9295-5f8861b1f15d,70eee450-7d85-4f0e-b7f6-27967686007c,2025-05-10 15:01:00.347
d6b06283-1b61-4a7f-ab05-53ec7d8bc5e6,402d8f74-52ee-4341-b8ad-08cfb3cd2e98,2025-06-22 19:38:12.731
6eeea3a9-05fc-4525-99bb-2db6a0098462,17284202-30f4-4c29-b8e9-b4428c6bc650,2025-06-13 17:35:19.797
110239c1-50eb-4617-9946-fadfd9ca248c,3db26e0e-2454-488c-adac-8757958a0fb7,2025-05-23 11:04:40.985
024289a6-8feb-437d-a2e9-5ef70a279092,82c5ae3a-4690-4a84-8c9e-0831d11b8760,2025-06-29 11:19:35.759
8a69d05d-0afd-42a2-96e6-548b50c547b5,cdcd0b4d-ada3-4f4b-b2d0-d465ccb15941,2025-07-12 22:22:13.117
a6a4dfd3-3788-4557-ac9c-e08e0c655075,ead9a12e-73c5-4942-9ac0-e1d0b3e8ec73,2025-08-03 16:09:42.155
bfb4da51-331d-4f8f-960c-ba77b3a6f15f,e39e2fae-618d-429b-8029-2a572d6628ff,2025-07-18 09:06:40.764
61d66f60-8369-40f8-a89c-5a6b31d73352,6e7b7a37-e75e-4cd2-bc68-0648c1f075d6,2025-05-19 19:36:20.224
6abcfe99-657f-4084-9ab6-ac6639bcc22c,da3b43d5-b3af-4744-94a1-11e0a03bdd3b,2025-08-02 19:41:31.348
e04404c0-915a-4d66-b89b-6ebd02f57921,6aad23cc-35bf-40e8-be03-cdc3ae46157e,2025-07-01 20:06:02.784
ea658b3e-89ca-47fd-a10e-991976c8325c,7a92798a-b7d3-4dcd-b95c-26bd54c97e92,2025-07-21 20:05:42.247
51006749-d02c-4ec2-a40d-d1b9a2da76ad,fb87e959-0053-466f-967b-cc694c8e53a4,2025-07-17 08:27:14.287
ef56f3c0-eb25-4347-a780-6200c8d63f6a,43bcffe7-a93f-4cc2-a038-25a5f4f6b42b,2025-07-26 13:19:41.975
1bcf1459-0bce-4ecc-9b2c-a8ef93442caf,4c1d8bf1-26ab-4e3b-a1d4-87a3f324969c,2025-06-16 12:40:12.078
a32e4ea7-4f3c-41be-a93d-730c5203493f,8e041fff-8ba3-4428-9677-4a331e1535b5,2025-06-13 13:03:04.018
335e2a4a-a978-4339-b84d-abdcda4bb694,95749cd7-fa21-4479-b37f-ad5d6cd184b1,2025-05-20 13:00:46.311
da3ecae1-2d9c-4fb9-b1c6-40e8e51491d8,206c6faf-3985-4c85-97e5-388a59b67156,2025-06-02 08:36:00.767
60824004-daa0-4a80-89ce-fdf4c3737ecd,b9ace963-4232-42e6-b03e-ca8b4848dce1,2025-07-20 12:57:21.811
0cf9e666-ad0a-4524-8b7f-87489e81db0f,861e815a-2264-426c-9a8c-d5dc42cb2a97,2025-07-27 09:03:37.356
bf3d8004-54ed-4208-8d41-989aadfe6dc6,e2ffb60a-a58e-4730-9cee-219d1b13ada8,2025-06-06 18:10:04.640
52fed164-a419-42a8-91b3-6312e7eac128,f449f567-f678-4a7b-b6fe-df5d065ec663,2025-05-24 13:14:08.555
ca699796-149e-4c9f-8414-5403b2c9de6c,b79ce315-9164-4835-9315-de09d6e622b9,2025-07-10 20:28:30.539
52e465df-11a7-431a-b43e-c675d187b025,6cf3e74e-0cb8-4876-8719-1c92bf74fcd5,2025-08-03 14:05:15.513
bab01fdd-75e8-4e69-a97e-30f4ec092cd3,1a3cdae5-68d0-4672-ae8a-b8ab720a64c7,2025-06-23 15:07:03.422
b46ae4b3-fc79-40cd-badc-2adc081f3684,71fb1e51-ca33-4a9c-9808-6cdfc17f9c07,2025-06-15 10:08:51.261
a24a9fb0-6dfc-483b-8b06-445c80a5f2b8,45077691-e1f2-474e-954a-bdeb32610517,2025-05-27 13:26:42.656
768d5c33-9fa2-406a-a64b-3d926a741473,1d8f1cb1-322c-4916-94e1-8f75e6d57a17,2025-06-18 19:48:17.263
cf0231be-1015-44e0-95e6-98f18ded6faa,249f76e8-9cab-457f-899c-0d5deff6d5ed,2025-06-02 14:35:43.496
d03a7439-3328-4313-beff-d601ad31de4d,9a9acdf4-b19a-44db-aaab-310dd9a9828e,2025-07-31 15:52:57.262
5864bd7a-932a-429e-88f4-aaf9f9176589,c9e228f9-56e2-49ae-8d69-626f62f30b1c,2025-06-23 18:53:27.699
6c5fe7ed-f9bf-4692-8a36-c100386ec569,d147031a-ad0f-48bd-a400-c12ea3955d0f,2025-05-26 16:50:07.287
0052ab0f-802c-44f5-acad-83a3b702b705,b37d5f74-339a-4272-97ea-fc8349934988,2025-07-07 12:15:34.026
43668a7b-4b43-4cf6-ae28-178ed22289a1,d9ea9477-b61c-4031-90cf-af86be6e88c3,2025-07-05 19:10:09.561
f309cf0d-a3cb-4965-887c-e96aa4e01d45,629e383d-2f90-4f4c-a1d4-f8258d14c18e,2025-06-05 00:15:17.398
5ee5a706-7dd1-4c81-ad85-3e00367e4e3e,200f0986-63da-473e-86ab-5cbe6e3f19d0,2025-07-22 18:50:37.493
25d09a3b-0df8-4763-81dc-6eb4461de728,2877db6f-c796-4078-86f6-eddcdb93ce0f,2025-05-28 13:26:20.155
779b60a4-23db-4675-8ae4-61ec40c79742,eb2b7f09-e095-4e32-a6d6-c1bdf87db01a,2025-05-27 16:47:24.057
53e128eb-7962-4e0b-8917-5e615148d2ca,2b8ce78f-2fc6-4918-8735-471a2a735e56,2025-05-24 15:52:31.293
654b13bc-53a1-470f-bd44-88986c5498f2,0d40e1ef-6079-4685-a8ed-561a9bd50394,2025-05-30 17:44:06.153
e1a7ee8f-dd8b-466b-882c-73b2fae8f1d8,01cbc6fc-d424-406c-a4af-6a6db986d865,2025-07-10 17:27:32.101
9364dd24-22be-48d3-abdb-ac8b9bc02fbb,516c6a90-a89b-44dd-a884-0486b74ad10b,2025-07-31 12:27:55.812
c3fd8a43-a922-4120-870c-f3b2c218e6f2,4c1d8bf1-26ab-4e3b-a1d4-87a3f324969c,2025-07-31 14:26:08.135
eb7ab399-b23b-44f4-b8a2-0df0e03def8a,a749656f-17ed-4bce-9eac-303473b8e2f2,2025-07-07 12:23:38.177
047b6b91-e85b-4d5e-af66-b2e5099a08d2,272ab3fd-5b66-46f8-bfc5-2b331228c74e,2025-05-21 20:09:42.803
e1679db3-b0a0-4a4f-83bb-5aaa645a5971,be2177b9-66b0-4c49-84dd-8c40fd1ff6f8,2025-06-03 21:24:20.529
77592359-9acf-44fc-9195-42b4bf0b0c27,7eb5b27e-bf2e-4229-8caa-7a0fbc1cf1ff,2025-07-11 17:31:08.696
8d7af74d-91dc-4189-ba17-a991b1bd936a,01a7af8b-0dea-45df-8eea-6c35682c359d,2025-06-19 10:30:50.631
b6113bff-7ef9-40f4-87d7-98f9425f5db6,f616c126-cfad-4d2d-985d-45aad8f0d321,2025-07-18 22:18:21.163
f237e61a-6670-4501-add9-1d8401a71603,053994df-27b3-47f2-9623-cb8029793dc7,2025-05-14 02:08:07.439
08bc7e47-79b7-4c94-9f77-ca7e63b6cdd6,481d2991-6fc7-4553-a036-e79f1af48391,2025-05-13 11:13:37.104
e35a692e-0a14-4ea7-8a7b-4bfdc2552e4a,477d2b1a-7d70-43b2-96a4-d1e4430bcc06,2025-08-02 17:11:08.773
f4a7be77-e70c-4dbf-b338-6d47ac6e0da2,042b3900-993d-40ee-84ff-e1a4f9d9d6b4,2025-06-17 11:45:03.855
1ca20f37-a16f-4995-98ad-6ce5f057633a,9847a134-e0d8-496d-ac3a-68508ec906f0,2025-07-27 19:51:29.434
d6b4c814-51b4-4d3e-9c05-6eb0743eca53,1fd63213-f38f-4916-97c8-f62ba0dc0398,2025-05-19 18:43:20.391
6f58bc06-11d1-4207-9d67-b1a3dee07cb3,2b56b610-daf4-47df-a01f-9c51342beed2,2025-06-09 16:39:51.508
175a1044-1383-4fc6-8192-eafe282f7e4a,631ab594-0cb9-485d-9a19-2e3f20544201,2025-05-07 16:58:10.637
1d9e20f4-fd80-4760-b465-f75b3335a812,7d2d3ba1-e4a3-455d-b6c4-9c21acebadc5,2025-05-12 10:56:30.899
5baf5c71-5549-4e5d-bb06-050f5fdba522,a0ef3088-b8de-4361-9553-4c6b70e68788,2025-06-12 11:38:35.687
166b8c95-5fee-4926-8d32-7724239221a6,c18410bc-c8aa-4972-97da-691f81367564,2025-07-07 16:48:05.450
94fb38db-e1e6-4cfb-9b41-579aa246ffe9,03051742-38b8-41bd-b53d-5a398a1d2a39,2025-06-10 16:55:48.879
2e34f12f-8c75-48e5-9eaf-506fce6e5bf6,f6cd609a-6b02-44a8-9014-51677cc6ffd3,2025-05-13 13:32:57.492
86d5d60f-6a48-41c6-a3ad-10cfb19826e5,f3a515d9-c87e-4a28-bfa8-f598c9ce6b9d,2025-06-08 17:20:19.005
e976ebcd-49cd-4f8c-a83f-f8c7de362f04,4c487330-f67f-4c08-b83d-c156c381a20c,2025-06-24 12:13:48.359
091d29d6-25db-41bd-b59f-2fb48972a19b,77d69eee-5614-48bd-a767-e55287b8e64f,2025-08-01 10:42:05.382
3ee19a67-14de-49a7-9372-f004f0a47479,5e4a8501-3d78-485c-9fc5-1333777b3756,2025-07-28 15:06:00.307
664f90fb-f7ad-4aca-92ce-3704fc1e392e,4f10e244-960d-4e7d-b065-9bff42637c92,2025-06-23 09:48:52.427
9adbe2de-6331-4385-984c-0429458ab6d2,46f66b38-384d-4308-a5c9-b7fd82420ff9,2025-06-21 17:33:55.490
0eee4775-34ac-4093-b9c3-ceee43778644,a3a4bee4-8bdf-4cae-8750-7b63ceec14e2,2025-05-30 07:23:07.535
f721ace6-7fad-4691-b7de-c4ccb5ccf5fa,1e17e918-947f-4d3b-b822-b057dc3b15c7,2025-06-16 17:07:31.501
e00d1c4b-ec24-4132-b9e6-22a8d37a0206,39ed20e8-3ed9-497a-8521-ab03d0e02785,2025-07-23 21:34:34.418
56673205-dfcb-463c-87b3-5e42e537574b,2fbda9ba-2336-416b-b7b9-82a8f1dc1658,2025-07-15 11:17:25.549
f1ade7c2-1db4-4047-be84-c4c811b3ca65,754afed0-cefc-4e44-885d-91c477b5276f,2025-06-01 19:21:03.830
7457e9b5-0a24-440b-9b84-7d8d77cfd3eb,efa69ade-eb9c-4f3e-ac06-07b0fc30260a,2025-05-30 07:39:17.352
359224ed-74f9-4f82-8e72-2b1c42a3b7f7,c50e60d5-ee27-42a8-b037-a847121c9b2c,2025-07-14 16:19:12.593
8210566d-241f-41dc-91d6-e565c6119724,71c745c1-d1e9-4649-9631-3e0dec381a6d,2025-06-01 15:57:10.453
16006537-589b-4c8a-b1f2-a68b2c386805,9f6e58e1-10c4-463a-a580-8729c81c0a88,2025-06-18 10:24:14.384
fad6e9cc-90ae-4aa0-9556-b4d7330e1392,1a2f5ba7-2f8f-4ffe-9b66-0414bf532295,2025-06-11 11:46:16.588
50c980d4-1462-46d0-b071-552fff5c00f4,dea1f7cd-4fc0-4ffd-94ec-80a7fba95dde,2025-05-26 11:53:00.479
c31e9d9a-4c33-41a9-81bc-c3d10798e5e3,bf1e763a-a7f5-4cfa-ba89-9cc20b332066,2025-08-01 14:59:40.274
7af7b1cf-5fe0-4258-866d-6e72ca89a733,9ca794c4-dc06-442b-80e3-c02870870122,2025-06-17 10:28:41.273
9dada910-a2b5-46bc-a6c4-0b6817dbd18c,7b6a03f2-296a-4172-a393-917de5f5abc3,2025-05-27 07:52:46.560
7ea6732a-dcc8-4174-9d18-2163f8122394,19e0396d-79a0-41c4-80a8-89a858e1a801,2025-05-27 15:28:53.112
065eeb3a-a974-446f-b7e2-2c18bb24068b,8ea5b476-3b9a-4370-8164-56b924129e8e,2025-05-15 16:17:57.655
ba879031-bb47-414f-8f52-8bfae6067171,6d043407-7298-4789-8e50-f3974d56229e,2025-07-24 19:55:54.302
b7f15c14-8096-46c4-83dc-2247369b3692,115efefc-56ea-4183-bf5c-803a53649112,2025-05-25 01:19:17.933
10c2a3ef-7c89-4588-95ef-b241e8348069,ababc6e5-4458-4d04-b654-0aa36145695c,2025-05-17 12:00:30.677
5ec2d0a0-06fd-4e78-95ca-f96197c40d76,4ad93b2e-6ed6-4ec1-9862-17cdb3c5eb1a,2025-08-03 16:27:08.937
65181c6a-405b-49f6-ac67-0b47ece2a8a0,08ad0d4e-56e7-4287-9119-bd4634ab64de,2025-06-10 17:48:33.333
d4868d6d-fe27-42e1-816a-3df8e93cbd50,a577c42b-9ced-4976-ba19-27dd8f2faa60,2025-06-05 10:03:57.266
bdbc2b3a-b9a3-4d54-8ba0-848c036cc6b2,638f9a04-fc59-4fac-874d-494893839884,2025-05-16 08:57:04.504
06084a37-aa23-4b9b-a053-60116f1550db,a1fb9732-388e-475f-a705-b4c583cb532f,2025-05-19 16:49:04.474
3c920e0a-cd7d-41aa-aa4a-f5dc1f9a9191,8ea5b476-3b9a-4370-8164-56b924129e8e,2025-06-25 14:04:16.446
7afc86ae-741d-4142-83c9-ff83ae5493d4,ca19408e-9abf-4bb9-9c32-59547bb62fd1,2025-06-25 09:51:36.714
9a9e8909-04d6-4a8e-9979-9035b59c6f21,8467dc6e-074e-4ea8-a5e7-e7ae2e999b53,2025-05-12 13:14:17.380
607475e8-8f3d-4440-af92-ba2c0c2fe993,923e981e-b430-4ded-abe7-d795cf317386,2025-05-21 10:38:34.312
f6c7596e-9e45-4e79-998c-06fe12e5a10c,9e907ca9-15a9-44a2-84a7-dcf80f3f6baa,2025-07-19 00:08:30.797
72727d22-c7ae-4883-b469-9a42c7bf75f1,9cbc32b4-a61b-42b0-acfd-9a213c9fa477,2025-07-20 15:09:37.617
1637cde5-d084-4ba0-b079-5f251689bd24,1d2e569f-8377-42a1-b953-946340c0bccd,2025-05-21 13:34:43.163
295c0152-dc1c-4e25-ae08-58207f64ffdd,1548a53f-c893-4b61-8f23-cb27ebf7d275,2025-08-01 20:42:12.157
1c57e361-f505-4dc4-ac7d-1fa2308f7d51,470c1aba-4182-4498-aca9-cdfa569c0fd9,2025-07-15 17:57:56.226
9bb3bff1-4176-42af-8b1e-25c423310a98,185182c0-d2f0-47a0-91c2-a932c41eddeb,2025-07-18 09:23:53.634
885c8def-de73-4a3b-aea3-61ad40fc4936,abfa79c1-07bb-412b-a9b5-39f64301c5ae,2025-07-09 13:30:01.513
6448624e-23f7-4642-af3e-c4a779faf174,40068513-29e4-4ae4-827c-1c0fb481d8ae,2025-06-17 15:20:54.303
40d87b5b-42d4-4506-a6c7-e5d11fa2fd7e,f204187e-44b7-4d15-9c11-dc80e0b8f4d5,2025-06-23 10:50:15.437
733decf6-dfa7-4ce9-a4cd-559c5b57aa27,09ed3a2a-cb4c-46de-85ec-32cf1a8f44b7,2025-05-15 15:05:30.820
ad53bb84-6c38-4823-a00c-107f82e51845,4bf0df34-4c1d-47a3-add9-0ddc32a68019,2025-07-15 18:24:43.304
314cbd05-6fdc-48f2-84f8-52e642bf7429,6149cb8e-5aef-488f-9128-3279f2c78c9f,2025-06-17 16:24:17.686
22679859-0796-444f-a955-69e0aa050b15,f78afb74-6391-4837-a7ea-0fa4394ae0ed,2025-05-13 00:36:08.782
435eeccc-759e-4118-a267-ce058f847e52,73ae2fbb-024d-445b-b8de-d952ebaad6aa,2025-07-30 01:45:09.921
c23dfee0-ebd3-41be-91d4-7e99b40fa74f,6d739b77-f299-4e16-b6b3-3a13cf9ba610,2025-05-17 23:29:46.646
7bbd0712-eabd-4b9e-ad4d-563837da6a70,246be5bd-7e48-4d1d-88f5-5fb744924e5b,2025-06-08 18:17:16.694
aa3dbfe4-15d1-4fb6-a9f0-c9d81391ebdd,ceea9c87-fa64-425a-9769-9f20baea5bea,2025-06-20 15:41:06.861
cd915ac3-02ad-422c-954d-e90e938ec67c,31c56512-51c0-4f6f-b1bd-5383c3a4700c,2025-05-22 11:15:07.818
0a6fc5ac-0d44-402d-9b5e-2f19d1ce1152,caac5e3f-d976-4ea3-8c39-e33a8d6209f7,2025-07-09 15:47:25.815
050bb634-e0fc-48c5-b0c1-00275c9688a2,9e80d3b4-b433-4de1-a969-474562d85324,2025-05-20 10:45:37.727
85108d09-1329-449f-887b-5544f0e4e734,e7123b1a-1d45-4ce5-8499-a9fe2e33e98a,2025-07-16 13:28:14.770
b8716429-3651-43bf-be51-a9b31396b50a,42a5721a-d73c-4317-a5b1-6991ff84ee6a,2025-07-29 13:29:06.394
29a316ab-d287-4e8f-bd66-d5361662bc76,34d1202e-ca56-410d-a289-e4e89da56dbb,2025-05-28 09:44:42.165
2a8ebabf-3c50-4dcc-b331-9aec60aced5f,cc317999-80f3-4890-84d2-b6f914255ec6,2025-07-06 05:50:07.413
5aa10e87-c3b9-44d5-9daa-81e71ed707dd,af0a1fbe-785b-486f-add4-5450007d891d,2025-06-12 22:31:42.033
a646d5fb-a7e3-4a09-8174-fe12b27cae1c,d147031a-ad0f-48bd-a400-c12ea3955d0f,2025-08-01 20:02:54.063
19214179-bac6-4f2c-9687-4033864e334b,bf2264cd-6e10-4f36-a45f-4b241e68b75c,2025-06-12 17:16:50.109
04ea17cf-4de9-4a69-bda1-abbae6c5c39e,7ecc31b1-aafb-4c95-aa88-53c1e075af4b,2025-07-18 12:00:13.369
aefae9d6-44b1-4819-97e5-253ff6085177,bc01d8b4-627c-482b-8c87-47a08cb29b3c,2025-08-01 19:18:46.462
5eeb97a7-4d8b-46b6-a883-dfe64beb252e,bb35f177-d823-40b7-aea7-24975056458e,2025-06-03 21:00:17.888
71b7cd44-4300-45f5-8828-88ccd49b46bb,a7464fca-7758-4c1c-aa89-0c129c672937,2025-07-08 13:31:54.679
de6e907e-81a0-46c1-9c06-2df328e9de64,e1ccf70c-4561-4a6c-aa48-8a4bf7c0bed1,2025-07-04 21:16:13.789
9d38ef1e-937d-4bdf-a356-53ed68cd4565,eff63f92-2288-48e7-8557-8e2b057a7610,2025-05-22 11:08:12.893
8bdd47be-3e33-44c9-8385-c038e5e0b475,de85c8f5-474d-4304-b395-279409923f81,2025-05-21 11:59:18.842
b7e599fa-88a7-427d-b265-4e9a5c7122b1,db3cd83e-255b-4981-ae2d-cc832e551d7b,2025-07-24 14:08:48.127
7f65a58f-0dbb-447e-9f61-3fb5efb16c7e,8a38bbd8-b883-4b65-95d1-d3f411e33ae5,2025-07-26 20:52:36.086
ceca427a-d649-45d2-af2a-05c219266777,874680b6-ca23-4bfa-982c-8694391c0e22,2025-05-10 00:58:06.048
13769bde-cf8b-4fd1-a98e-de0baf20311a,f39d9d1a-4c6a-4d94-8501-1ec83a7c220b,2025-06-29 21:21:22.681
5aabf5f6-b4e7-4e6b-92f4-b8480a7ca34b,831b4c6c-43c8-4e12-8c88-703c062030e4,2025-06-24 18:48:06.158
7b8d3e1a-db6a-4cb7-9d15-3b373d5bf10e,1e481bb6-0c63-40a7-ada1-426257dc1bac,2025-07-31 16:16:01.875
64567c70-21fc-4f1d-927a-c9e764f05606,92e2d4ea-e619-4a4b-be92-8d2c64b42620,2025-06-18 14:43:12.223
03f4c6e3-2926-430d-9b05-e22adda63475,ad47258f-cd46-4da1-af85-05e00757fa00,2025-07-16 13:00:21.797
5db82a34-2560-4bb5-9971-6f2bd708d8aa,cab9ceee-d329-4e05-9f14-e0ec6df4d105,2025-06-22 17:06:56.126
e0589100-4b4d-4929-8a0e-d8d967520e59,0816d485-85ef-46e2-a3c7-aefa85c0051b,2025-07-26 21:14:09.968
ffab395b-93ee-4642-8b27-e3895f2f998e,6aba96de-04b4-428a-91ca-a601be38c010,2025-07-01 20:18:21.986
d854d424-ffeb-4d36-a887-3fec381684c4,212b30a3-c5dd-472c-aec9-8ffe554213d2,2025-07-22 14:54:41.322
d5b31847-809f-4196-8bf0-723259e9c4df,6d599796-c9ab-42da-b425-1a623e53673a,2025-05-06 18:04:05.946
35e74f14-c6df-4d30-9a43-6d857958338c,3511d91d-5540-4f74-882c-b844270e148a,2025-06-10 22:33:16.284
2c4e8706-71b5-4cc2-98c0-3bf46f5d93d8,25a1e64e-843f-4125-9666-802b4fb91a52,2025-05-26 12:59:00.581
2a34125f-801e-4918-bb84-4f9373aee384,1a4c6145-2896-4697-8812-4b9621d73cdd,2025-07-21 17:13:48.302
e0283eb4-74d2-41f7-8b11-b7e5f7802b4f,7c7060ce-89c8-46ce-a55b-aaaa159594d7,2025-06-02 10:03:20.081
ae9c023e-5f5b-4164-9b85-dc9910277901,430c268e-6320-4d2f-941e-01229b5ae37c,2025-07-13 16:25:34.907
1c007ccb-fa07-4735-8217-d146774472f9,d8fbb34d-931c-4f26-b93e-fddc4afa318b,2025-07-07 14:21:06.138
6836a7a7-1518-4ae4-81d0-f1234b576628,31e7aa5d-c4e0-4b25-86df-1b93312a3f5b,2025-06-10 13:48:21.844
638b5929-8d40-4252-a892-03d75297d304,19e86c7b-f7b2-4ca7-af49-4dde634ebd1d,2025-05-17 15:26:25.707
54fa2fb4-d66d-4adf-a760-e522b6eb5c9c,15d19deb-0ca2-429d-a4f8-fa9adcd1c6cf,2025-06-05 21:42:34.784
d0cc5c2e-510f-4245-b531-b6203c1bd507,41bee494-6bfd-4d6a-bd98-ed61164ae571,2025-05-17 13:53:12.212
e1e3e6b6-9ab1-4ecb-80dd-a448d445a927,65695079-9c38-4eeb-af59-9a295c919da1,2025-06-03 11:14:17.130
a7eccf03-e358-409d-9ca2-7193b2a1027f,edb61a71-72dd-4cb4-9d57-a2d62a415be2,2025-06-17 12:57:42.097
ec8abc89-9d32-493b-9141-7aa4eb6f9f24,4454d53b-2a0f-4eab-b7cb-484a8156ca19,2025-05-27 17:55:15.789
760a510b-74c2-4fd2-85ef-30d4bc697287,4c348816-b912-494b-8c7c-50f371811cba,2025-06-29 18:25:21.440
97728a71-89c9-470e-8e05-8bc7198c10da,75f54b1c-a379-43f5-9aa3-3b87859151e1,2025-06-29 17:27:01.436
6a649f56-45b9-410f-a5fc-6dbfff411074,09aaa7c3-0232-4e9f-a10a-b1ee4ba3d574,2025-05-10 15:58:22.389
2be84842-e433-43d4-82e2-acb3c9835732,fb054a9e-925b-4219-a591-cd12b69157ff,2025-07-07 22:47:44.233
1157bebc-3b7d-4b5a-9ae6-201c72a0392c,d1aab287-27e4-4349-ba9b-fdd1f6c56fae,2025-06-16 21:34:05.918
406c4151-21b0-4842-aaea-0f2f249bf6d4,af9cfe50-423f-408f-b64e-61b173c9359c,2025-07-24 19:15:50.331
4f57b03c-d0e2-4f0d-b4a3-fc2c70ef505b,433d4775-138b-44d9-95b7-b64128bf8f41,2025-05-22 00:21:51.562
e473517e-a968-453a-a67c-6fd567296d67,d89a4742-7472-4ab2-a07e-7e5921bd669d,2025-06-15 14:47:25.420
e7cf67b4-3cfc-4b21-a90c-afa5b6bcd668,e552a792-fcdb-4dae-a77a-60fae3c7f59e,2025-06-17 21:47:20.547
08174362-37c2-434c-aa3a-09aaa9df64d6,14c67efa-987c-4d77-b14c-be65d98ba8d1,2025-06-03 15:02:51.153
528911f7-201c-4831-ad87-14303504e4e9,d3e52018-82fb-4b3d-a83a-d60fd4a8fe34,2025-07-31 20:03:33.865
f7bc24ac-12ef-4fc7-b86a-091dba1b8b58,c4f4578d-6001-44c2-82b1-965800a6780a,2025-06-06 23:31:15.130
c67ce9a2-91f1-46a6-8a40-0bea5a380347,5597932a-02b4-4580-815f-0af0e0af89b9,2025-05-23 22:31:00.101
111d89e0-8f7c-4b01-896f-261c986eb176,95ff2199-3bc8-40b3-ac1d-1f3cb087d95e,2025-07-02 23:26:37.306
9bf22ac2-af20-4159-81db-82a10e786f49,b033456b-3aaf-4dc3-8e93-106921ebbe95,2025-05-23 14:53:13.251
d93b35ca-cef2-469e-a814-f09a91ef4bc5,7611140b-8772-4669-ad37-f292780f57f4,2025-05-24 19:53:20.372
64a7fb79-906b-45fe-8765-37d15ae96ef5,ec2a0281-48d8-4b5d-ad87-56cc334ee66f,2025-06-03 19:59:03.421
47484607-89eb-4c44-9ede-f67db4831bc0,c08a433d-4a81-447a-966c-d3ab5f653d19,2025-07-30 16:20:13.329
057416a8-bfc5-468a-8acb-9dec9cb79680,d5876fe8-57fb-47e3-9355-5f45453ea770,2025-07-24 09:14:41.973
392a081b-e11a-4c1f-8887-934e5ab53959,80acddd1-4b04-4219-8914-bb4813077ad4,2025-06-07 14:27:13.082
15dad89a-340a-4924-ae04-63f049b02130,d080e55c-df3f-4be0-a984-317bbd0adadb,2025-05-12 10:05:29.948
588240b8-3a4a-4afe-aa85-36bdcd1070b0,af1d486f-74d1-4ca5-9941-262ceedca73c,2025-06-24 17:20:15.557
17fba414-8a4a-4fdf-9ddf-a83a7519da28,0b351000-f8ea-452e-83fe-f64532335978,2025-07-09 16:48:46.030
e995c220-8e83-44fe-8a22-879f5ae22f16,115edd60-4eda-4371-8291-7911dc0b70fa,2025-05-16 14:57:29.184
6ef77d82-b021-4747-9e99-768c6873fd66,1d889aba-64cc-433d-9087-57886aabf192,2025-07-06 15:50:07.292
9578fe2d-f7ab-4122-bbdc-d72cee68f3a2,b7601a85-63a2-4b94-bcba-ea327ac560f8,2025-06-30 09:12:57.306
f7245d78-0ac1-4438-97fa-7504a616ce0c,9d19a5ca-87f4-45e1-88e3-5aa2f971352f,2025-06-28 06:26:51.262
62630bc7-4491-453f-b1fa-09ba3d776fb6,60e0dd64-4084-4f6a-9a8d-c9a060536f1d,2025-06-22 11:25:36.825
e577d631-7724-45bd-ae44-884fa89ee518,31804004-7084-454c-af92-9270189d1520,2025-07-21 18:39:55.523
8acd0625-1820-4c2e-821f-088612064e46,4174c621-8ffd-4bc7-a162-b9b20c6b1045,2025-05-12 12:06:45.014
430a5e63-eed5-4b26-aa0c-e88d0c9360e6,aecdead8-05d1-439c-9d11-53c71bc4631f,2025-05-26 17:13:49.432
65c766a0-fb27-44d3-8f28-66e217ab3b53,d592d1ae-0241-4179-b70f-cf3dee384f30,2025-05-24 19:44:14.738
7e666aa0-21f1-4d6c-b81a-0f629fb1c6e4,0c974066-96cb-4373-8a64-cd7b6499c6f2,2025-07-13 15:07:00.089
a1003fc5-2ade-463d-a490-24d4b9e67d97,4edd9d81-b39c-4565-807e-c719c1f2decf,2025-06-04 19:33:46.361
953635b3-f164-4444-a723-6a46164d9720,31804004-7084-454c-af92-9270189d1520,2025-07-21 18:38:04.167
be63b9ed-3376-4be0-82f7-dcc9dd16bc82,1d0dc05b-b6b0-4293-a686-687a74b792af,2025-07-08 19:42:07.933
157a6fe2-7230-4e6d-88e4-285fa5cbbe95,cab9ceee-d329-4e05-9f14-e0ec6df4d105,2025-07-02 19:16:27.303
6cf94646-03ca-4f17-b9e7-143bd083cb44,3511d91d-5540-4f74-882c-b844270e148a,2025-06-04 15:11:08.919
9501adda-2574-49ef-8e1d-4886e48c2cf7,4911eba7-d052-441a-aba1-f9b843ba2370,2025-06-24 15:24:01.118
3b36651f-32dc-488e-bad5-7f680bb6e105,df9350a3-69bb-4742-be6a-5dd3a55f2689,2025-05-18 12:53:15.491
9953834e-61e2-449d-9a47-106e12ad9407,35858e32-a853-4b46-87c2-5fe17e406e73,2025-06-11 16:25:03.725
2a5aa6bc-2190-40fb-bfb8-da433a3c1963,6a384734-0391-49b8-a69b-f5965786b69a,2025-07-11 15:58:24.956
7a9411d6-3a4d-4e9a-88b4-dbb98053afda,d8ea68aa-15f7-41be-baad-42d62b41d4ae,2025-07-30 22:35:50.263
9a5abe8b-35c2-48b1-8a43-9bfa268855a7,e7c3f943-a294-4e32-bf6f-3715c8eeac8e,2025-05-25 20:23:26.050
3ff6524b-3439-45d4-b07d-4bced74b1249,b2020018-7935-482b-af2d-dce3966dca30,2025-06-17 21:01:29.012
71e980b3-900d-45c4-91e7-934b89a56a1f,88307cc8-a33e-4f52-b87d-d6f1d7cbff65,2025-07-10 13:57:14.526
fc70fe02-a885-44a1-a75a-506b0ab94cc8,4d4d28b7-dd4a-49be-a696-1ac7f8824b1f,2025-06-02 15:44:42.164
59fc20b8-2c0f-4063-9e67-6a791a0b1fe3,00fc54bf-46d8-4328-8960-a40415005299,2025-05-20 11:35:51.494
85478143-3229-4ec7-8003-7cf7ce12f77c,1c21a8ab-ba81-4284-8fb6-86a5a58d4f9a,2025-05-16 12:11:43.769
a9efcf0d-e436-40ef-8f42-16f9d71c8e60,8d883c1a-ea3a-4bad-8fca-a9b99c7ff24f,2025-05-20 17:17:57.571
511cbb22-7d24-40ea-afc0-ad7a68cd5c37,334bf499-748e-4e78-8c81-408140a61f5d,2025-06-04 19:15:29.983
2f3514b8-4dae-47ba-81f9-ced22f340476,a8f97ad5-d22a-4221-ba51-1ab66670153f,2025-07-20 11:54:53.808
3947cb6e-6db6-47f1-bbda-f3481f7ab23d,0fa85b1e-dff3-4515-b3b7-fc62d218da1a,2025-06-13 16:42:39.596
4a69b5f7-f78f-47f4-b956-9c1d24a81c58,c0788ce7-29ed-40e5-8980-da6baad70628,2025-05-29 11:29:42.565
5937c497-943a-41ba-87d0-a6182fb382b9,21f6e043-3dfc-4c7f-89f9-f141fc739219,2025-05-07 18:16:00.295
a555879e-b9c4-40dd-b69b-f86be8eb1422,5bd1b63a-8952-4462-9134-0bddb1f3e08c,2025-08-01 13:57:20.290
d0d9d985-3bd6-4a1f-bdde-d779d97ccc14,fd638db4-736d-4813-b6c3-198c80e61534,2025-06-26 19:01:31.758
2803df85-6843-405b-b397-197b5f4fd004,5d98054a-029b-4d74-9681-5553500718a5,2025-07-25 19:34:02.141
13578697-b7eb-42ef-a26a-8c0a56bbdfd2,e7d176ff-530c-4ab3-81d4-7c9c36178acf,2025-07-04 09:19:47.936
24711f1f-157f-412d-8143-547a096e355d,a7bdd584-a53e-4c9e-85ef-39562f18d3ed,2025-07-06 11:29:49.057
a71c0975-ea37-4d3a-bb1b-8509736763b7,c6fb55e9-a173-44e5-9c8b-03d1d67cd21f,2025-07-17 17:52:05.765
d05ae33a-0eee-42b7-959a-138a1f42dd21,ee6b1dd9-8af4-4b88-a1a8-4828cf7ac795,2025-07-27 10:03:17.660
a4c7b65a-6a50-4ca5-8d8f-a08d0a334f2e,647bccb9-88da-49fa-9832-ac38a010c455,2025-06-09 21:07:02.211
5d85d3d4-1f04-44f0-909f-ff58e193b76e,54bf1b74-2fa1-4452-89c8-8ebd94cb6b12,2025-06-13 00:39:48.547
aa25acb4-6760-4db8-8e9d-d735a2ef0c5c,345fbcf6-5084-4da5-9b36-141cdd4fc477,2025-07-02 12:39:36.611
a8bbc83f-6aa6-4825-80ed-31d812f82454,d147031a-ad0f-48bd-a400-c12ea3955d0f,2025-08-01 13:18:45.811
555c78fb-9dc1-473e-8c9c-969be5327f8c,bc54a5d8-4ca7-4e02-9802-2e03afd84496,2025-07-27 17:10:10.775
0819159f-2b6b-47f8-8f99-245b4ccd6403,94a3ceae-268d-4d5a-89e0-fcba17962c45,2025-07-02 11:04:05.556
8250715a-5b5f-455d-bfa7-c8feacc2cec9,484c97bf-eed6-4ca9-b0be-eca970353314,2025-05-08 09:26:38.747
47c699d6-d78e-40fc-8373-f56405ecf1cf,effa883c-a508-4ceb-9de7-f55d49f320ed,2025-06-19 12:42:24.329
11943f07-eb9d-44da-8a91-6b43b5fd32ef,8317cb2b-0fd6-4795-be37-427c9b510b1a,2025-07-16 10:58:54.809
39ea25a1-3d7c-4681-9a30-be60c1bb6722,9eb2a913-c8a3-4e9a-b5dd-36e06943ddc4,2025-05-31 20:16:38.273
3d3dce32-1287-4958-becf-6a23910d994c,6d043407-7298-4789-8e50-f3974d56229e,2025-07-24 20:26:42.181
4a61d3eb-d03e-4887-b725-77d2d46dbcc3,eaf3f3d8-e80c-4c89-98c9-04fd1a197612,2025-07-08 19:33:31.218
8ca5b655-6455-411b-91b6-ae49dba77d44,aeaa27ae-df2a-4717-84ca-4a3d1c33f59d,2025-06-19 10:08:33.787
4db66200-a66c-4576-af1c-3f64043ef82d,f5e37b38-088a-4637-8dd1-2a390b85df69,2025-05-06 18:25:47.858
5f39b3a7-3d4d-49b8-a82e-9541693b1e33,a45e8894-8218-46bb-87ff-8506ed5bd187,2025-06-10 10:54:20.809
1c58347b-20ae-4719-98a2-98d337c6647f,a28b55b5-4912-4c2e-acda-ed0d9c96df1d,2025-05-26 13:31:16.201
33b45057-8477-4d8a-974c-019a798ec174,d1be9530-6713-43d7-bb4e-3dbb41761e66,2025-06-17 21:21:05.503
cf7fcf91-0d4f-4c07-96ab-e76ff1d9fb13,7b477dd3-303c-4be2-8220-39d03d400fa2,2025-06-17 12:33:19.694
adc21861-2479-4973-874d-f089cfae3412,219c7eac-3946-4f02-913a-69bc426b9d45,2025-06-02 15:42:10.025
b26de388-70fa-4d3c-ae66-4f3429ea87ec,3e962596-a1ed-400e-aeed-471644b98653,2025-05-12 07:46:40.037
ab71da98-fa84-4f66-8cb9-258cbad7005b,b95071f5-27d8-403f-b226-8d4e4705e077,2025-07-24 17:25:11.326
80dcfeae-3785-49e3-bea8-042b35c01afd,72dd8296-bfd4-4a22-8f38-efbc2c02c4f5,2025-05-09 01:22:28.941
47033da3-93ba-468a-a17f-c2bcabe1893f,c2013590-05ab-402a-a3e3-4c88ba71b5a4,2025-05-08 08:42:08.478
88a2bb3d-7a96-4a32-ba2d-ca2a0b5886e3,204c80c4-c131-44d9-a5d0-05b55d2b5dcf,2025-07-29 13:01:38.625
e42182ea-ecdf-4332-b253-4e5cd6bf2b5f,baa3946b-1738-4a2e-9e7c-ca709148db49,2025-06-17 12:36:57.622
311b274e-b3a2-464e-ba21-89996559e72d,66409544-04c1-45f5-89ec-9c43821e39c9,2025-05-09 21:16:45.286
9bfa4ada-d0e6-4bcf-a13e-797fe8363ccd,ad480a71-05ca-4567-9237-14fd9ea90ee0,2025-05-10 16:50:01.696
bde739fc-81ad-42b3-b11c-d6a3f8a2edb8,dea1f7cd-4fc0-4ffd-94ec-80a7fba95dde,2025-05-11 19:59:02.216
4b8f029c-ab03-4d16-a579-2daedf1ba646,8ea8c2ea-e737-44b4-9062-22a610fe9f08,2025-07-04 11:08:24.455
25372fc8-25d4-4d39-b560-71d7dc3498ce,3ddc2446-cf72-4351-a133-dbdea7b90c07,2025-05-27 12:49:31.579
a19f8cf6-5974-4dac-914c-7161c6e3742c,c0db0342-b49f-44d4-a245-e27156734ee6,2025-07-09 10:56:06.867
bb802abd-f33f-4083-852a-048eda3cb69a,fc2a7dac-3ebe-4161-b7cf-aec1c2964769,2025-07-03 08:46:56.223
94f89097-05e4-4892-918f-b119537b29d1,eaf5fff5-f3ab-423d-a1b1-97fbe914cfcd,2025-05-21 07:19:40.578
2131176c-2434-4d57-a07b-d83255ac9721,0220be4c-cab8-4313-81dc-0eed272b08ff,2025-07-06 00:07:57.791
b668b94a-fefd-43b9-96b0-e8ce714b0368,266990b9-cb80-41b4-82c7-89fb5a97f2b7,2025-06-05 09:02:45.985
5aab2f6a-c6fe-4e17-9ab3-df74eb9c7e24,7d5def47-94cb-4ba3-8d72-2e7eca8b43e6,2025-05-09 18:20:55.626
8f39cc9b-55a2-44b6-8b09-2912e91dcce4,7bed9306-3d5f-4afd-859d-12ca790caf7a,2025-05-17 19:19:50.934
bd262915-78ca-4a91-bfea-61af0839997b,eb5dc233-b65f-48a3-b16a-9c6d9acf387c,2025-07-08 18:44:53.452
5cb0f7be-feab-48b5-a85b-ea82ab70d2fb,d4de05e9-b542-4da0-a937-7043d57810cf,2025-05-08 01:45:32.028
8e5d645b-7545-4f48-aa59-58ba25684b78,27bd5833-c1ca-43db-ae45-260271aff9d8,2025-07-26 16:18:40.765
a5d89642-4a7a-494f-8f48-07f44c4039b0,2039151b-8aa3-4278-b039-1060a25f3a5f,2025-07-11 15:42:52.224
030816d1-c87c-4aaf-8936-c6ced29f93ce,8e041fff-8ba3-4428-9677-4a331e1535b5,2025-06-27 12:15:56.558
b64d56db-fc60-4d15-af18-5baf24768f5f,e60e9567-9ee5-4884-bc8b-66652825bed2,2025-07-14 22:03:55.667
f009966a-7a6c-49e0-b94f-f03e7362ab85,3511d91d-5540-4f74-882c-b844270e148a,2025-06-15 22:49:42.982
fe517573-a71d-4335-9035-9d6a993961ad,ababc6e5-4458-4d04-b654-0aa36145695c,2025-05-17 12:02:10.946
b44194d5-408b-4dfa-8af5-d31431d0616b,ae90255c-6cc8-4b3d-b44e-4f3a2c4398a7,2025-07-09 16:03:45.015
ee58ff66-400d-4f87-9df8-3337eb8c5ae7,f43e618c-76d5-4487-a13d-88c3d9f37ba9,2025-06-02 16:32:19.272
289d0dea-a82f-4071-a764-14b89b57e91c,acf9d21f-d181-47a3-9050-bb5d01e5306c,2025-06-19 15:06:54.834
f0a52e44-2d95-418a-8804-c5bfa882e9a5,2ae4c873-79d9-4358-b3c7-19084323db30,2025-07-21 16:56:48.545
856d5e52-af1f-4c5f-8b14-4b60cf03a734,10b67d8b-b030-45ae-b419-71186221ffc0,2025-05-24 20:33:24.987
91ccd5cc-87cd-4fc0-adb6-38baeb299085,b033456b-3aaf-4dc3-8e93-106921ebbe95,2025-06-17 17:31:52.432
dcab17f8-745e-4827-be66-8ac72fc3245a,c3c36ab7-9161-4e7e-8d61-c675e6486158,2025-06-09 15:25:23.534
4a073e8f-a574-423e-a4ab-4d10a82b050e,a451ff25-b8b6-4241-b017-b1c51f292927,2025-06-27 15:24:15.389
4df2b4be-1ece-4454-b160-274e023e97d6,fef23504-6149-4d2c-be0c-768d28274da4,2025-06-16 21:58:17.503
4b9a5fd4-b3c9-46c5-911e-218890763f60,7cea3608-c9f6-4b5f-8cb8-b73a93ebfb35,2025-07-12 11:11:16.838
63fd588f-f9a4-4e5a-bf74-4c71780887b1,25a44471-56ad-429e-9bf8-0009243364bd,2025-07-29 12:57:49.324
3e13f2cc-5caf-4f4a-9f2b-6b104867cdd6,07965f0b-49e2-4157-abd4-5e56a4d174cf,2025-07-16 05:06:37.545
41c740f8-8ec5-4d76-a7cc-dddf15093c28,879f2e7d-8e50-4537-9ed3-4051cb7629ac,2025-07-17 09:54:23.937
5d738bd2-abfc-41c1-9bc7-32f1ec455a6e,9c93d948-e0ff-4733-b3fe-54360bfdd82a,2025-05-21 08:21:41.363
aafbe775-7281-4268-b801-9026e7c27173,8189bffa-9c0a-40a2-a72b-7f98530aa6ba,2025-07-19 19:03:29.581
ec617540-640b-429c-98c4-bc530549b719,872acce0-be56-4205-b92c-aff7ea9fb4e9,2025-06-16 19:25:58.959
ed8c13f5-fd89-49dc-ab76-02a3166d268f,9221142a-cc16-4a01-97a8-b2ecdb26e3f3,2025-05-23 14:10:02.594
d3566ce1-8f98-447b-99ce-24db1835dfb0,7dd23050-4641-4049-a86b-3467c07616d7,2025-07-19 18:41:23.423
488026d6-2ee1-48fd-8127-7f453586fdbf,30b4b0cb-7ed7-481e-a858-1f816d6ca423,2025-06-30 18:47:56.385
60c840e0-4638-407d-91d1-0abf6532841e,9388ba11-581e-495f-8492-543bfef92b51,2025-07-11 01:04:03.290
eedde36e-f974-42b9-ae0e-d9fe6a2baafe,19828207-595a-411b-a656-8f646127f4c0,2025-06-16 17:10:45.779
0244a62b-870a-4e48-b3fc-119ed39e63cf,82c49fbc-5410-4874-bc61-918fd0de7f7d,2025-07-30 12:56:20.006
9425ffa6-3930-4ac1-bc07-e846a61f19c3,01b51610-27bf-4d3b-ba7c-967fc3cb76af,2025-05-30 11:38:24.840
c77be171-8ae5-41fa-8bf3-e804c312abb1,06d417a7-7082-4963-a447-041a3d529e52,2025-06-27 14:01:32.594
43e46d73-e608-465d-ba8d-0b3e3dba37fa,83401c14-1b22-403c-969d-32bc0fa32755,2025-08-03 17:30:35.818
a62113f5-4130-4356-bd95-bf2256f05624,eb647c72-0ee5-4277-9fe7-bcfdeb1c985b,2025-08-03 01:21:53.621
45fe6cb9-ec77-49f0-abf5-e6cfa429e2d0,01c41046-bb69-4dd4-ad2c-229ed1991d70,2025-06-30 18:11:32.767
7cfa7b83-1578-4fc9-8bf1-a22b323b3e86,2e12a612-50a1-43e8-aa23-0c49b1f2a2a3,2025-05-20 23:51:53.267
a5f5ab01-1144-4b6c-b822-46b0eae5b3b6,3008b5ea-70ca-4c69-a02f-6c6af84edcb4,2025-07-13 17:24:23.598
f92d181c-f919-46c4-a30d-0f49e634f66e,28e0e1ac-b616-4fee-8cc0-ea1642b8c1bd,2025-07-21 10:17:43.668
f0585bc5-1b1a-405e-9b5a-7e4d01aaa32d,433ad53b-fc1b-4223-be03-c39f7973e9fc,2025-07-11 10:20:22.413
adca7865-c78e-486b-805a-f26d21126033,6a377679-621e-42ac-bd09-7bfffa68e5db,2025-07-06 20:40:33.533
0f839d94-4ce3-4ae6-89d0-5f86614c48e5,184294ca-f692-4ba6-b3fd-02b12611ab8d,2025-07-22 15:47:46.253
6c552456-6fb2-4bd1-8132-4051c99519a5,92c3043b-6d50-4543-84cd-de016dcdc3c1,2025-06-06 17:36:58.931
d98d99a0-2c24-4974-9882-51caa8ab984a,bab1d3f3-6476-4bd4-b15d-d90384cc3044,2025-07-11 11:39:50.228
af3950b6-3fcd-4047-bcb3-7eb61ac9bf86,fd416951-a49e-4bfe-baba-4092355e18a4,2025-06-02 09:01:03.730
66f1855a-1c6f-4b79-847c-d4e17785607e,932fbae0-989b-474e-a3d1-7f3c9b1f28ce,2025-08-01 13:32:27.190
354cce8c-2c10-4110-bce5-126b686da8ed,6f862333-c388-48bb-a942-fe4fe150c618,2025-06-03 12:32:01.208
6225f101-e759-4a3e-91c7-2e43903f11bc,dab7af2b-20ef-43ba-8aac-b91c235e54aa,2025-05-26 16:48:14.116
45625329-8325-4684-965e-cf87c41ea5c9,b9c2be31-98ea-496f-ab57-671f7a85ae5c,2025-06-16 17:18:49.410
5b7438a5-1516-4962-8441-00d382582199,65695079-9c38-4eeb-af59-9a295c919da1,2025-06-03 11:05:12.223
906b4989-c618-42a1-830d-c6b43c125b27,b1285734-3ae3-47bd-a921-346096947687,2025-06-18 12:04:44.849
15ab33be-5982-4d1d-9cf1-228a2060ca82,6d0c4d32-59cd-4933-86c0-32c894fd1378,2025-07-28 19:40:34.341
d240b0a9-becf-4e92-88bf-949588c33d35,d84c884b-270a-4604-9df5-ec4272b0f84e,2025-07-05 21:28:23.334
c6bad8b3-140f-495b-9466-5c721bcd0e7f,f64864e9-a9b4-4694-a039-50c0effa53a9,2025-05-15 14:31:29.500
bf70f4c5-c5eb-4c68-a05e-28e78b410ad7,637d44ce-4a4f-4731-b07f-6c882271282a,2025-07-18 12:44:07.231
2f86b1bd-d547-4abf-b4af-d5af483549d7,735d4645-b16f-48c2-8762-2c85231cbeb7,2025-06-07 12:13:38.956
5747d7e7-b322-416c-9d69-f40da0f97329,63698ca8-bd8d-4c2e-8402-a7d77dbf7f3b,2025-06-29 17:45:06.713
4a02f056-fb3c-4232-9284-980406ca2a45,eb71c8c7-5293-408d-abc8-910a92480809,2025-07-11 22:05:02.964
159546fb-04d1-43cd-9048-3be41d592576,99eaab60-3104-4225-95ee-870e91abc5a7,2025-05-31 01:28:57.381
ca53d821-f911-43bb-a80f-a085431ef26b,12f80886-83d7-4df5-a20e-b2a5622c823f,2025-07-20 20:52:07.609
2190900c-27bc-4a9c-a76a-c3a14bb92f30,6f629285-c279-4daa-ab1a-11016efc6964,2025-07-08 21:06:29.782
ec0d3493-9ec9-4a82-84ab-bcabe11cdbda,7a33e692-ada5-4b89-b95d-419074ecbc67,2025-05-26 18:07:53.879
e2e427a3-adc0-430e-8770-a167aff6a017,f13eb92c-ecb4-43f6-ab07-967e4f83d47c,2025-05-13 15:30:03.038
fd7f9e31-483f-4df6-af94-2e38297c6b9d,e60e9567-9ee5-4884-bc8b-66652825bed2,2025-07-14 22:05:31.199
9db770ca-5a7b-42e3-a5dc-e70c3caeac06,af0a1fbe-785b-486f-add4-5450007d891d,2025-06-12 20:41:36.381
c084b64c-7f7f-4d99-abe1-dfc6b3b8a7a7,8e041fff-8ba3-4428-9677-4a331e1535b5,2025-06-23 11:46:17.651
4bc431c2-bf12-4310-95f0-a045b4c67c11,807abab2-5d57-4181-a0f7-74d73988fa4b,2025-05-15 14:46:53.314
a5ccfcf4-9d38-4e08-a04d-82d304fa0aaf,ece3b3b2-8dd4-49b9-a5f9-683777d7f913,2025-05-07 10:37:58.644
e46902f7-b7b4-4234-9683-d7420b6ce329,f83f32f8-42e9-4276-b83a-d6a824a8eecd,2025-07-05 13:56:47.949
31cd09b2-9aa7-4adc-8b90-f2dbe7f6b491,95dc2386-facf-489f-bad4-79506295ca29,2025-06-11 07:02:54.090
eb7c439a-84d3-4e7d-b67e-4a906a6f9638,cd4b7a97-c3cd-4f89-bb34-f3ebd5ba7815,2025-07-23 08:19:02.690
febc5d9c-92a6-4cf5-aae5-3584e25470d9,637a2084-afb1-42de-8194-dea0ae61d02a,2025-07-01 16:56:24.742
e74f7219-634d-459f-a1bb-a78dcc0144a1,3125d9db-3e64-4283-a270-f6b1199f0820,2025-06-06 19:10:44.146
b6778f04-0bf4-484c-95a4-dce01900a5ae,ece3b3b2-8dd4-49b9-a5f9-683777d7f913,2025-05-26 10:03:43.241
1ddcee70-358a-4176-98c4-62a4ee31afeb,e7fb645b-1d40-485d-b50b-7911d8f06d76,2025-06-27 13:53:50.653
b671310e-fc99-4b6d-8a24-cd6a17534a3d,d3008ba2-63ee-47d1-813d-903bee1e062f,2025-07-11 10:51:52.172
ee614468-f5b9-47d2-a8a5-e47cc02761a7,d339c9ae-9ad8-46cd-b174-b7b448d9c93d,2025-07-16 08:08:29.111
3dfa67e2-0379-42cb-9075-c0a2a8482f28,99d70913-ed9f-4260-815e-6f536c7b2547,2025-06-05 19:22:12.563
cda451ca-e44d-41d6-9962-2c2d3ed50a40,d67c92e6-1400-4092-b6f8-a035d4eef054,2025-07-05 17:12:09.147
141c98ac-e4e5-440e-8aa0-732a2dc0aa8f,90c0dc6d-a619-4664-9672-392af0ec2906,2025-05-16 17:21:59.910
bbd8fd45-a0dd-4625-94db-4a50fa6c58a3,2917cf26-619f-4da6-9713-16478ab14a20,2025-08-02 15:21:12.555
f85fabe3-82f7-4199-9050-d4e1338c3a2e,f1c75abd-169c-4e1e-aa6c-f38a2e861c48,2025-06-26 18:59:18.218
9ad6e669-28da-49a7-92ff-c046e2f9040b,139ca083-ee8f-44d1-9e1c-e5727da9cc0f,2025-07-11 18:13:39.930
8a905b3a-c2ac-4a88-8442-1035900a9c54,6a49a54e-684f-42a1-b86e-24dfa8a7230d,2025-05-31 17:12:42.287
6482034c-71dc-4cd1-a8f8-0a5e94c3031f,c709cd5a-d1c8-4d1c-abb8-450a3e39732f,2025-07-10 05:08:49.454
53553063-76f1-40c9-9ef5-1560066505a5,db275058-e543-4b83-99eb-3ad75e7737b7,2025-08-02 12:50:32.860
818cdf9c-29f8-4926-bf07-f32d89bf13e2,59710daa-f696-49c2-bc57-bc4b18a43d69,2025-07-17 18:52:11.789
76289ab2-5354-4d9d-863f-007a73cffdfc,d6d8d954-bd69-4b8d-b341-9ed1178ca638,2025-06-12 12:16:25.554
1c0a9caf-75eb-4237-9e05-6d0dc9db8d28,c55ccd79-8509-4646-92f9-621f6d7bed7e,2025-05-06 14:55:37.999
025ffe51-799b-4baf-86d5-05da6a1cb414,055ea713-2469-4186-a7e4-2164ef0d8fda,2025-08-02 23:33:48.920
cc708987-0f6e-4a7b-a0c6-fe5b69006176,5fe7c533-1f55-4ee6-ae04-4477da3fb53d,2025-07-01 02:15:01.087
f34e03cb-a6fd-406e-a14c-e1d95c5513e3,ea458931-1cf2-4b58-a363-7d794760fa65,2025-05-06 21:22:17.893
e6af4eda-1738-4d13-8fc5-d527899f444f,450e881f-c958-4012-8584-c971147a20ad,2025-06-23 18:05:30.776
152c706f-1b16-4660-ab6c-f977fec07b91,83207c05-c3df-4553-bdf8-725349811300,2025-05-20 12:13:09.809
c272ea0f-96d9-44cc-9ec3-7d5ea69b47d5,afa4a1e8-37ac-42f5-9052-01b8c2690926,2025-07-06 13:12:03.910
d7d678c4-1d24-4b9d-a7fe-f35128be146c,19672498-4b84-4a64-a8c9-76287625e4d0,2025-06-18 12:42:08.393
8b179bdc-6198-4167-a9a9-55f9e05d50e6,93e4bce1-e7f6-4ad9-a8ad-83ab417c47bc,2025-05-12 13:21:01.233
55c9abc9-4c6f-4ea9-964e-225e606a6604,8aa6d160-0dae-42d3-851d-6c3a9ef1d13a,2025-05-06 13:52:44.516
bc031dd9-6c6a-404e-ad38-8be16a6008fe,12527d65-39b5-4f28-83a4-250306c7ef01,2025-05-06 21:08:44.806
40146980-33b8-41f8-88f1-4b722acdaf85,2e628c77-4000-472b-b3d1-f83c213b86f3,2025-06-02 00:05:05.949
ca8ab439-38c9-4b6d-871c-92865c42d785,a1e27836-30a9-42e5-935c-1dd32c079bfb,2025-07-23 19:59:35.169
931cfe0b-9b5a-4d6b-90c1-1e4faef3fec2,a57365ed-2bd9-459c-acae-40f493e5ea4f,2025-06-08 20:09:17.707
9dcb7d06-1116-4e7c-936f-6d874ed52359,76edb9b7-c64e-4cff-a401-66526c75a950,2025-06-07 18:04:00.422
67ca1d74-f64c-4963-b443-a7b470efd4f1,cbe08f00-da74-4190-b03d-e69a03e0eb51,2025-07-10 17:12:44.652
385bc472-1c90-479f-b124-19b7cc0ad5f6,f2c7b727-f73a-433d-8dd8-bba74486bd26,2025-07-02 20:24:04.153
e1147ded-117b-490b-9bda-12444ae536bb,f2aba3e0-f515-47ad-aeef-eb8fd0cdc6a0,2025-05-16 15:14:05.971
065f3214-364f-4e87-870e-41cfb16bca53,61f21248-7693-4d46-8068-3026b27868f5,2025-06-22 12:18:12.770
4afc0f11-ab0d-458d-8981-e783fff3b65e,48312060-aec8-48e7-9304-cedb4241b01e,2025-05-13 07:47:49.476
aad1e0f1-a8a6-48bf-80bf-77db1ed6b40e,ad649674-246c-41c6-8b1c-6e1926b333c1,2025-05-24 09:40:49.927
68517363-7fc8-4647-b236-ea06611982b7,0c96521c-a2c0-4cb0-ac86-f5cc3ed89f58,2025-06-16 23:57:45.903
17774247-0503-48d7-bfef-c6ba4b198da4,f5e37b38-088a-4637-8dd1-2a390b85df69,2025-05-23 22:06:19.108
42670963-c3f0-4002-8511-c7944281cfe1,77d05391-561b-4a67-afa6-473da51853a0,2025-06-15 20:43:24.241
bc7a5105-c04d-4824-a3b4-395f57dfdd18,d14040f8-de90-4002-8a99-318f1c847fc4,2025-07-05 22:58:17.031
42abd6f0-8946-46d6-b92c-1b3e39ded783,2ec7264e-c648-4f98-9843-f3ea3caa348c,2025-06-25 18:58:37.271
b15263fd-3390-4922-9167-e8efbc938ae2,2fbda9ba-2336-416b-b7b9-82a8f1dc1658,2025-05-16 18:41:18.483
ede26146-0c6a-45ff-9faf-0a6dd8086805,fb818489-cead-4f56-8634-d0ed1283290c,2025-06-22 13:46:19.129
fd4be71b-8b91-4550-ad2d-cb2355e10b8c,143f39e4-551b-4366-99d0-5b7a3f0d64f0,2025-07-26 12:08:12.328
b4b6e278-94e3-4490-b4fe-00308a7189d1,63166055-fa35-46d4-a326-579819ace626,2025-07-26 10:05:32.582
8a08d7c5-dc85-4ac3-8ff3-fcb0205bef15,f6059773-186e-4277-836f-8fdd149f56ba,2025-05-13 18:55:18.924
342dc9cf-057c-4b47-8459-bf954d0b0ecd,b4e662ed-16bf-4b63-aae4-3071c23d74cf,2025-07-06 15:54:13.519
73d4f586-842b-403a-a42e-16f76db8a5ae,f080128b-a17a-40b5-91e3-b88481946613,2025-07-05 17:39:19.880
7b3208df-f35c-40e6-93a7-707a22866ab0,184c6772-b35c-4f42-b5d6-2defeee89cfb,2025-05-24 17:13:59.835
608d7d04-6526-408a-b486-746743ecfaf9,aea6ce1b-5260-403c-9afd-7c6502f65b1d,2025-05-22 20:22:02.000
409cc23e-7dcf-4d1b-99a6-a2f438f62262,83207c05-c3df-4553-bdf8-725349811300,2025-05-23 12:59:34.330
251a7612-f9be-48ef-aa26-3d578ba2b693,9b8017b8-a25c-472a-9e11-3f32d0991cc2,2025-05-21 20:08:27.792
e60a76b9-bfde-482e-9793-b81c4fa29512,a1fb9732-388e-475f-a705-b4c583cb532f,2025-06-01 12:48:24.892
d91d3613-e840-4980-8112-221ee3a8844d,ec2a0281-48d8-4b5d-ad87-56cc334ee66f,2025-07-23 16:25:52.037
5f2de0af-55ad-4943-b6ac-54ab34da4ffa,6aa42b3a-8646-488c-a374-82a3c3eb3748,2025-06-30 17:34:18.509
30ea157c-2518-48f7-8272-af995ec2a8c5,03c1a330-804d-47da-a0eb-3712c4176ba8,2025-08-03 21:19:50.717
b16f4b88-4b2a-4b33-bb30-abf52caef350,f28c6c2d-5b0e-4e72-b9b3-c846b40a1ea9,2025-05-11 13:09:44.946
1c220b70-0a1c-447c-8313-8ab9f6e59a8c,d1abc8a8-acb7-4f1a-9f45-e07d94d842ec,2025-06-01 12:03:07.876
c9c01cee-a3c1-4f08-bd1d-5ffa70917ee1,a46495cf-dfd1-4d0c-bea2-e0a100beae2e,2025-05-21 13:05:29.141
0f207953-9da2-4572-ac0d-58e635696583,c0788ce7-29ed-40e5-8980-da6baad70628,2025-06-27 18:55:24.983
eb554631-a0fd-427a-bdc6-86c4b5f3ffd4,93d4f8d4-659c-494d-9002-6e2f0b353e4b,2025-07-06 19:56:43.588
6be138da-b607-403f-a5a5-fffdf7da854b,5d65de77-0a29-4bd0-8304-5fcf0484bfc2,2025-06-23 20:46:17.767
fbdc5e8c-6dc7-4f10-9525-4adb63d75dac,f9f1ea91-803a-465d-9506-4d7fa09092a7,2025-07-10 09:36:36.343
579c4f2b-8815-4299-ae2c-f8cb83001142,fdec0b75-3ef2-413f-9021-2869e406a5f0,2025-07-12 10:29:27.694
89b209a4-2ab8-449c-a4a4-a2265bf93c85,28112b41-8d1d-4f1e-9a3b-b9096f419d6e,2025-05-12 13:21:04.952
d6b0f28c-2b0a-48df-bbb4-ee8308448f15,15a06cbf-827d-4ac7-b746-204bbcc557c2,2025-06-30 14:30:23.591
24c87011-9187-4986-bf0b-6142a6f362ea,e4b76ae9-bba8-4d51-869a-dae58b178f9d,2025-05-18 12:44:56.812
dc6fed00-5ccc-4871-8aed-28a3bba1164c,a38402a0-a2df-472e-9778-985130873775,2025-06-13 13:03:14.559
51175871-643f-4989-ae73-dec8a08aba21,3418a122-6ac8-450e-9ef9-a3ce36af2e80,2025-05-24 22:18:04.694
78fa9186-8293-4b15-aad1-59d9815018f8,b9d850a0-0129-47d8-ae25-9095529ddf3d,2025-06-13 17:18:31.857
6f6b32e2-ba87-49c0-9a31-2c43470e0a6a,ac67c2aa-000a-4cb1-b6b7-a5b62e712b08,2025-06-10 19:51:57.025
6adc5553-fb00-48d2-9190-855148c9fdf5,6149cb8e-5aef-488f-9128-3279f2c78c9f,2025-05-11 11:22:20.552
fa2859a7-6c59-4b49-b410-0cc79529da72,8cff6f47-996c-4947-a130-e9fdaa92508b,2025-05-22 09:44:33.845
8c96d37f-dd3b-4535-b051-aa1bfaa6cf54,b6b06ee3-b9d2-4ba2-8992-38791c17f28b,2025-06-11 13:29:28.554
233fb10c-7a86-4631-bc05-960c2d0753f0,4c5b29dc-306e-4292-a1dc-34a49371a79f,2025-06-21 18:40:06.576
c6ebb84c-0b22-4d50-a30e-237a171c84c2,04e6efc6-46f2-4ff2-a9f0-cadec3024635,2025-07-14 19:05:20.313
2000a63b-e248-4114-b09d-858c1489977e,ded79fa7-7da5-4908-b654-c0d540611e95,2025-06-19 09:49:12.204
9120ec5c-a709-48b0-9b2f-15c94e20aa87,bb35f177-d823-40b7-aea7-24975056458e,2025-06-25 19:31:47.713
5cc887a0-1692-4b5f-a3a1-a5088e509c7b,f56f93b7-1eb7-40a4-8c27-db92df3229fa,2025-07-06 12:20:11.205
7c976986-a17a-4db8-bdda-cf013cb8b643,5b810e6b-3bcd-44a6-8cde-78dd55798269,2025-07-06 12:46:36.904
238e7563-233f-4ffc-92ed-4fe69b590014,07848d4a-2f42-4a9c-9c85-a7e4848390a2,2025-06-25 21:24:47.416
b55dd69f-0783-429c-9494-23c61b26fc37,4f259103-6dbb-4ae7-a729-dc2f7d6a9981,2025-05-20 18:38:07.313
d1262e86-ae57-4a79-874a-62c571b38b8a,33ac774b-240b-4ce0-a370-a4384c5b755d,2025-05-11 12:03:20.499
f12108d4-3005-4370-aa1b-2377be1c6123,a9334216-2de1-43f8-a3a6-51e3b58590aa,2025-07-31 19:06:52.726
b3cbdf4d-cff3-49ab-a74e-db00b5349c8e,5f06f8bf-12a3-42d8-8ca4-5e1f4be6b4d6,2025-06-11 13:45:23.986
f35e8f98-1216-4df3-a965-08ef79865d02,cae22ed4-f925-469c-b1e3-ad08b57d4405,2025-06-20 10:35:55.121
cecd4553-1d97-4596-ade1-b8b2113c2a04,fa6f4feb-0cec-49ff-9d82-0ea75fb39be8,2025-07-29 17:58:52.080
44349abe-dd14-4fab-a6cd-cb12ba5c3c19,3e51b621-901a-4f02-9037-80939bc17a58,2025-07-02 21:24:22.255
dce580ab-0773-4f69-b9ea-5d3f60fd9a32,9499b515-efa4-475e-be98-70ffed1e390b,2025-07-06 20:21:37.489
f5a22936-d158-4b92-aa64-8a719694e5d4,1a4c6145-2896-4697-8812-4b9621d73cdd,2025-07-15 20:38:19.507
de64c09c-7ace-4b02-8156-6498fce6753b,141af201-3fd4-4b23-98a0-9f753de4ef02,2025-07-17 17:28:39.081
bca3e519-97d8-4e2e-ad1c-787a6a074205,d3f30ffb-11ce-4832-bc1c-9b989976ff60,2025-06-07 23:13:21.529
b1024e89-4dd0-4743-a898-8933b91afb1b,7a33e692-ada5-4b89-b95d-419074ecbc67,2025-06-02 23:12:17.747
35e153a5-8764-454b-a234-24af4a68d57e,86d19b57-5b42-433e-916c-9114366da871,2025-06-19 11:33:43.739
336edba0-4328-4331-9c58-f14acb018b0f,15d19deb-0ca2-429d-a4f8-fa9adcd1c6cf,2025-07-16 15:12:00.555
65b86330-f5e2-42a5-90c1-649f7bb97f08,0436d873-8297-406e-9bef-17cdcc066c85,2025-05-27 16:19:01.735
8c66358c-3e98-4ae0-9661-cdc59fd3cbcd,6aed7e15-6106-4f05-bff8-f337c1a740a9,2025-07-08 12:18:23.171
302319d3-852a-46e5-9e2f-7b0c5247a64b,7d24c232-79e5-4870-8cd1-411398958a83,2025-07-16 15:21:43.972
b5f51c25-ad9c-45bc-a90c-933ea935385f,fe720432-405e-4114-996f-6d8b110ea417,2025-06-01 09:28:53.011
b113e36e-0f85-4d5f-9973-4a856bddc211,1fee0309-4816-4202-b807-b4f672724481,2025-07-06 22:46:57.022
74acafe1-6359-4f3a-9ff3-134bbe425122,f913bc57-ea76-444d-87e7-8eac6edc2378,2025-05-19 21:13:29.870
31aa8ce0-8d14-4e38-b463-7ebbe2548c99,354a7304-9d43-4965-82ff-3e7f04538607,2025-06-27 12:31:27.823
3f02242b-3e7e-4152-9da3-6a4dc5df6591,65aa779c-7922-4a11-bbd6-5d4d9afdd1fc,2025-06-19 14:52:25.022
3b823c43-49b7-4f10-b9b3-be33a051f935,5c8ed3f5-2e4e-453d-bd5f-fc1ea7e52c12,2025-05-28 14:28:55.715
b3c491ca-2952-4a45-a5c8-12457f727c38,bd947dd5-4549-48d0-a1ae-d9fbf1695801,2025-05-16 18:50:43.316
299d4d26-4fd8-4356-af25-9ebe8dc7af48,10b67d8b-b030-45ae-b419-71186221ffc0,2025-05-13 20:06:25.045
eddbf5d4-0550-4df8-85f5-981e53c2ad37,5b271e0f-dc39-4218-85cb-770adcb060e4,2025-06-23 18:43:38.955
945f9db8-38d7-4378-804e-4fe7dbf9a613,562060da-75bc-445f-a172-fca12f4f7dbf,2025-06-18 00:57:35.686
dcdf66f5-7fb0-48aa-9324-824628f6342b,c067e2cb-3053-4d01-aa96-4c75d3629bd8,2025-07-10 15:55:59.441
33240471-ff19-4ca9-939b-95650d741247,625e6dcc-7ef9-4f05-85b2-7f3916edf16f,2025-05-23 23:31:32.565
77a7e0a3-b9d5-46f3-9452-0119bba9bd3c,5453f009-1d83-4332-94e7-fa80d6412654,2025-06-22 15:54:33.668
a0732562-caaa-4b70-b1ba-e1119f8c1225,4f0ac6eb-3743-4765-ae46-f222e045dc61,2025-06-20 17:10:34.653
cf9fcfa9-2eff-4da8-aeba-b96f09be84e4,354a7304-9d43-4965-82ff-3e7f04538607,2025-06-27 12:21:13.967
813afeba-8a02-490d-8119-688c4c95707f,6dd35d53-3f7e-4101-befa-11f80fbd186a,2025-06-08 09:34:38.961
665dd2ea-489e-4420-a6b8-5cba24ff2c0c,bc54a5d8-4ca7-4e02-9802-2e03afd84496,2025-07-05 16:00:54.318
00844043-73a3-43b9-aa5a-9fddf87e01f9,7ab2aa54-bdd0-4ecc-ad4d-4a82276e9524,2025-07-27 08:46:52.118
6cca3fe9-1e2f-433d-87e9-59b9e5ef3d22,5202fc30-f649-4b90-ba58-eca4789f88f4,2025-06-04 15:15:52.488
706ba70c-0e4f-48e5-9806-eb3bcab85bf3,0b5d5f6c-de26-4c23-b906-104bea50b4f5,2025-06-13 17:01:42.373
f87ea35c-2558-4179-b02e-a7c65d7f7634,5e6c4276-4209-49c4-851a-4e7e8bfb32d5,2025-06-14 08:34:58.622
9b62a33b-6864-4ab9-b97f-fee2af5ffaeb,2032286e-60d3-4a8f-b7cd-27d3e6d4870c,2025-07-31 01:31:44.068
97ffbfa1-3320-4c6a-8627-8699cac6cc48,7b5bc2af-b887-4863-8c02-cf5dc8656814,2025-06-03 13:01:25.595
e7fde0ea-85f1-4adf-8a5e-b56a160c2c3e,6a0230cc-f27f-4d35-bdfc-ac5503e401f7,2025-06-13 14:43:09.391
86ba4b96-7bf0-47dc-810f-35053170afa2,ced6a88b-f035-43d2-b05b-fbd611b8afe1,2025-06-24 22:09:53.801
17c73651-2c36-4c74-a770-47f53ebdaef7,22c9915a-33f6-4640-b6ab-fd2e748b5bb8,2025-05-09 15:45:47.619
ab4cbff5-09af-492c-93ac-0a7ad5aee8bb,2db9f5be-802f-405a-805c-2225231a7b4d,2025-05-11 18:01:52.935
2f038ba6-ad15-42e4-9e3a-5321148be4da,a577c42b-9ced-4976-ba19-27dd8f2faa60,2025-06-05 10:01:18.389
099a9ab6-1040-4dd2-b2e5-c11727afdaf6,4c6711e5-b3f1-420a-a13f-c66818f5ab07,2025-08-02 09:21:24.122
420fd2cb-dae7-4398-afcf-9f1a04b2993b,b74d63ba-b9e8-4a63-9a43-44d0f1bfa824,2025-06-28 11:30:09.683
2e68ae6c-2186-4664-9abb-a60b6db2c090,1cae2a0a-daa8-4cbc-80c8-a53e2ee7c3f1,2025-05-07 18:00:50.473
02fa78e1-9e33-44da-81e1-4a7e4d87a875,5ce737f9-7ba3-4f1b-8222-4edb37b0d290,2025-06-24 21:17:34.435
c036b8fa-1eb7-4682-b8f1-295de814d2f8,b2f85b7d-f10c-45e6-a444-da9732165e6a,2025-05-12 12:12:13.556
333513a8-acc5-4b59-9aa5-d07c2bd903f1,00fc54bf-46d8-4328-8960-a40415005299,2025-05-20 12:02:47.086
ae31e74a-6e2c-4638-b4e9-0b830694b0d1,470c1aba-4182-4498-aca9-cdfa569c0fd9,2025-07-15 17:54:03.607
92b72e6a-aa30-43af-9de8-a3601689f86b,ed01d7dd-b573-4c5f-aeeb-958768d10d60,2025-06-04 19:11:17.363
fc532404-3651-458f-95e0-691db7afea47,6b6249b3-412e-4a46-b8f6-159ef0f7a326,2025-05-21 20:15:30.352
eab5d5da-a9d2-48f6-be34-1f5d84248cc8,d55ef4d3-b2a9-4dec-bbbd-13abfd144097,2025-06-13 18:08:22.610
d7c187b2-be36-4782-9727-5e1f3e6dfba4,94676e0f-9176-45bb-8999-e6167a7705c7,2025-07-05 20:58:38.177
83eb6134-3d75-4966-a136-2e8c20db66c6,5d65de77-0a29-4bd0-8304-5fcf0484bfc2,2025-05-31 21:40:15.582
ed28bf23-034d-4cc1-8620-6d2c6f9c8c6e,be2177b9-66b0-4c49-84dd-8c40fd1ff6f8,2025-06-05 18:52:12.554
e49cfb6e-e303-48f0-9e36-32b9be582bd8,a2303faa-445e-4ce1-89cc-33188661a0c9,2025-07-09 15:02:09.585
d53d8630-f98c-4009-bb7b-6e68330108e0,20ab161c-4d9b-4a4c-9887-f42a44073754,2025-05-30 07:52:45.291
8dd3c3c8-6b2f-4466-aa19-89a39ae29eb3,30d8d8d7-c00e-4e60-90c3-e91c6fc0ca4a,2025-07-08 19:38:18.231
8b859d9e-6f2e-4fad-b194-bf7014366c1f,efede515-716d-4a72-9cce-0f91b0621b57,2025-05-12 17:18:48.053
6abcc87f-5fce-44d4-a3f0-70098522342f,cc20ae8b-c4da-4e9b-a552-5462f0bcb3f0,2025-06-29 18:52:11.031
d5da1469-e956-4961-b280-d67c5e1eeb82,221b3e4d-e242-459c-b53d-e09d7163259a,2025-05-10 17:43:31.452
ab1a7735-c1ee-4fc9-a7bc-2d2dd86e1fc6,185182c0-d2f0-47a0-91c2-a932c41eddeb,2025-05-16 19:47:59.843
0f40d7b1-02cc-47ad-a3d2-ef8a9277f024,a42846f7-1e93-4183-964e-7a705fea541a,2025-07-14 15:33:30.107
68a29fb6-0a68-4ae0-91a6-379140d278ec,ed01d7dd-b573-4c5f-aeeb-958768d10d60,2025-07-16 13:06:50.458
f6110f0b-8fdf-465b-8101-02ed058e5c29,c3132ab9-9ab9-468a-a7d3-2cbe4b546dbf,2025-06-07 20:24:15.433
f05d640f-8bac-44fd-9de1-b33f3e46e0c0,9e44ffab-fd49-4410-9dbd-dd411b47be82,2025-07-15 11:03:48.146
2a1155bb-ccb6-4f30-885a-77024fb2fa6d,ea21b9a1-dd08-45ac-98c4-2968be72d752,2025-05-25 11:42:35.245
22194707-9a38-4bab-8029-d68730d37a53,456f3faf-7958-40e1-a8e9-ec15808ffc12,2025-05-12 11:22:35.616
ea4ccc85-7f7c-4f32-bf49-41dc700e3582,90dc17e8-8796-4725-b871-e192b2dc735d,2025-06-26 12:17:24.051
46ccef5f-c925-4ffa-a800-864fc6008d87,72e60a79-da65-4b69-8159-4b1ead0a9888,2025-06-07 12:28:59.146
cfd74616-4265-42bb-8d20-fe3aef9a3eef,8b2fb349-7227-4083-a350-8104e32209d2,2025-07-16 15:26:05.640
827c8dfa-2f29-4399-bdf1-eca41c78d1a4,7d6f3abe-5d02-4526-8f65-ee3271d9c87f,2025-07-20 06:53:28.503
98779364-623f-43b8-ab0e-9374f6fe64d2,9250c70b-a38a-4cb8-b2c5-cd0d3607921b,2025-05-22 11:21:07.123
3605ea94-f419-4499-b57f-1f707f94378e,cf0fe583-1861-43ee-be1c-9f7fbd88a25e,2025-07-12 22:26:36.188
59a29237-168d-4ce8-b0b3-1c3bab6a036e,c6ccf949-47c0-46db-8f2f-b79baee9704d,2025-05-24 10:10:22.730
08e01078-9f31-4f66-aa04-0c09ca22ba41,62de0e56-3438-474f-81cc-78c1ae5a30aa,2025-05-17 12:25:00.606
85906c13-9a88-4976-a1d8-804e5bb855eb,6b44b8a3-7ea0-48c2-a208-5bb763084b1d,2025-06-07 13:41:39.835
30cd675d-2e33-4ccb-bb44-0b257da699e5,b3560362-ff7b-4be8-a408-041b3e195f62,2025-05-15 15:07:01.763
287b9720-05d6-4a1e-b1ca-c95890cee4a2,478b2e44-bd5c-4ef7-b614-d96854489b19,2025-06-04 21:35:00.259
902f6aa2-1893-495c-ae4a-cd92126bfc8c,276c0f0b-5a56-431c-bd18-d7339bc33b2f,2025-06-27 15:04:43.831
1f07ed46-7df3-433d-a2a1-3baf24edb40a,58992ef1-9165-4a67-8dbc-a60fb23c9cf6,2025-05-27 11:09:57.884
9c12170f-b833-466f-8f15-b074f113556d,e22e2f4b-86bb-465b-aa88-a2ca89c71305,2025-07-23 16:13:08.276
88d1d9ff-ad0b-46e5-8054-201126decf53,ae2ad8ae-56ef-41d2-b553-8480eea73cda,2025-07-06 21:43:14.983
91d70fed-ffc6-42de-93eb-e562278365e8,871fd707-070b-4874-863d-e53c3685f38c,2025-06-10 20:58:10.314
1cff6897-8176-4590-aef8-82931a3f5b6d,af24f136-94e2-4e9c-96a3-d17240c0b2d5,2025-06-29 23:47:34.769
e2838a15-e905-4614-8cae-dd442c4d4c86,0246a849-3814-4ef4-9fbe-03bb7c22baeb,2025-07-14 16:57:30.810
fc1f1d62-f6e6-4175-bd09-8954121486e3,61a5e97b-0dde-4fd1-8de8-df84f0415414,2025-05-17 00:12:07.278
48ad16f4-0b84-4910-9283-4ab9171b460a,abbfc928-da24-466f-a874-6996de6cba48,2025-07-31 11:04:12.406
ccf7a38a-d4c5-4801-aa4f-1d4ff4eb9a87,40b2d7ab-a4c7-4368-9e4a-69227d60cc9b,2025-05-23 20:02:00.761
a7244606-8af6-4b78-b3d7-0ce15f7c5257,d216bb98-a4a0-4447-80e8-73200a66064a,2025-06-16 14:12:44.076
1ef380ea-ae21-4da3-9c5c-7869a3ecbdc2,a0072862-7106-484c-ae13-2700cd6661be,2025-06-26 20:46:58.965
4a39aad7-8cc8-4f83-96ac-5b045eaff6e7,c1a414cd-c9fe-4c93-a36f-5df25cd3f80b,2025-06-21 02:00:42.062
96e72905-aa83-41ab-bdeb-46e7499a92a7,f481641a-e271-4adb-a7e6-e94aeeca824b,2025-05-10 20:35:23.473
6ff33bde-4887-48d4-b8a2-d4d676b30287,1fd63213-f38f-4916-97c8-f62ba0dc0398,2025-06-12 17:26:44.818
1e45f658-a9ff-48e7-b316-1729881609f9,c4bc33ac-ac17-447c-b572-5c94c5d1018e,2025-05-31 23:30:36.509
88cf6af7-61b7-4b08-a7f9-e6a2704ed4b2,4e616cc2-d20c-4c4c-b54e-6ac83ec2cd9b,2025-06-11 08:26:44.554
dbfc474e-5167-4680-9679-bcdfcd61a5df,5fdc9afd-3386-4039-b552-531d9dce97bd,2025-06-07 19:49:53.302
60a4c84b-7b40-40a3-a9c9-afb6ed963fca,6369d15f-1ee7-4ec8-9ab9-0ad0be54100a,2025-05-09 21:12:54.995
c603ed20-db3a-4e7c-a94c-c7419c5a19e6,ab420345-de07-43ba-90f3-4511403661d0,2025-05-10 12:30:44.576
b704b782-68da-4e09-825e-bc862d398fc5,1a7a3315-52d5-4d5c-b299-91792aa0caeb,2025-05-25 09:57:12.403
1a8ad1ea-3933-49ae-adf5-701a6f1fc3bf,9bf15ab5-ee50-49dd-a93d-e8e84d1c3f18,2025-07-01 10:15:28.534
356f2242-aac6-4249-a417-0833b36ee44c,e31d9315-51dd-4fff-855c-28f948883fca,2025-06-13 08:43:04.827
390b7f99-9314-404c-9338-0084e7162fc8,513146d5-1343-4296-b76a-1a0ea2b978d4,2025-06-11 13:40:32.895
19160546-a87a-41d8-af3f-bd68fa62c3af,c08a433d-4a81-447a-966c-d3ab5f653d19,2025-07-17 18:21:51.619
880bc086-69b7-495d-b304-540d9e6dc633,c5262827-9ab0-4d48-a08f-f540a508bed1,2025-05-08 21:05:28.265
f17defae-f617-4010-98c8-bbaa46982e3a,84b82019-263d-423e-bb23-b8bbdcda1d27,2025-07-18 11:29:03.622
880559cc-0887-409f-b1c4-5677c54bfa2c,4a036251-888a-4c1e-a985-682797df4690,2025-05-30 15:52:21.625
2b46de2b-a908-4084-bb75-765f0e056ae9,9b1f7c21-238d-441d-b58a-cd9a37f6a830,2025-06-04 17:39:21.853
f0a00823-be63-42b9-b445-1aea680c2adc,04f5f6da-603d-4672-8c1c-6298c848a37c,2025-06-17 11:11:49.705
d0642d05-511e-4dce-be9e-07733b6a1297,e552a792-fcdb-4dae-a77a-60fae3c7f59e,2025-07-28 11:03:02.827
53a34ac0-31b3-4ca7-94ca-45b7ab96ae9e,f5ef4859-17b7-4dee-9613-dca0ef7c40cd,2025-05-30 17:40:59.546
b5487df8-a586-4cb2-b049-7f1e0f8fe59a,efa69ade-eb9c-4f3e-ac06-07b0fc30260a,2025-05-26 20:53:06.130
ab00f478-9520-42f0-91e9-42e6e15d7115,46978273-2b66-4876-a3f4-0397bf016cc4,2025-07-26 16:11:15.984
d34402ef-fe69-49e2-bcb9-3348265bcd41,b8dd5643-7bdc-4467-a999-e627cbd29bf3,2025-06-03 13:01:23.329
ad9c3e21-b885-4925-8d51-898585198305,b25f92d0-1a64-4231-926d-f4876d592520,2025-05-15 16:09:11.962
e3255a58-e747-44b5-978b-f6f3ac332ad9,aaaa09f0-2c99-40e0-b6b3-aed66eed7acb,2025-07-10 08:37:50.842
65c466f6-1b57-4789-86e2-5ebf5c081aa5,949162fb-a2b2-43d1-be65-79c5748897a9,2025-06-12 19:43:56.709
3a4060cb-e9a0-4aa0-b721-8289c3b9e6d8,7b19fe8b-1f7c-45d1-a43c-3f23544365f4,2025-06-24 20:46:26.000
b30fcf54-4447-48ab-b3fd-695ee5c71d3b,09ed3a2a-cb4c-46de-85ec-32cf1a8f44b7,2025-05-25 11:15:22.760
4b4dab5c-babf-4124-8769-112d73f976bf,4d012cd4-c5ae-472a-87d2-cc8abb06ac6d,2025-05-28 22:03:28.620
a8b4b63e-8bab-4739-9942-eb4e8a143394,7b5f47ec-1077-436a-964f-c0861086477b,2025-05-21 15:01:11.139
4eec8235-b48b-4b18-ae4b-5c799bb730e7,4e7ee7c0-3ce5-45fe-bb88-40fd63d52913,2025-06-09 15:46:06.716
665f36de-b2ce-423b-8b17-c45c845d5380,73f04d4c-fd99-4f01-86cd-a0e387fbba1c,2025-07-29 16:42:35.782
0307ed1d-8cd7-4621-8dae-8ac2ef511491,c7e78401-4c97-4d6a-aaf3-f43882fb424c,2025-08-01 08:48:00.266
80794c4d-9e3c-40a5-92cb-257c7083ac73,b9879966-fef9-49fa-9532-e1f94a2e2619,2025-08-01 14:06:20.212
133851d8-a8db-4d41-9365-a38ccf2ac066,b16b9821-69fd-41c4-8e3f-263bffe6fce4,2025-07-02 17:20:00.310
2c9c9a46-a29c-45ca-a015-c1e959dd714b,7ad26b72-2fa8-4cf5-929e-ad3dfa1912b4,2025-07-20 21:28:14.436
e76eb81a-c6f1-45d4-9b0a-815c99507839,70aba7d2-7a2e-42d9-94d9-d086cfee4aae,2025-07-01 22:51:39.794
4925472f-66e2-48b0-9b12-3cb5fa5f6308,7f1cbe3a-d08f-4fb4-bec0-9c10273df731,2025-07-14 14:25:16.182
211287c8-50bd-4d8a-af05-23f257f66cb1,8b4a4354-cb35-47a5-be9c-a84503d52a72,2025-06-20 13:10:34.800
7db5d8ea-47ec-457e-a9e3-68473ec417a3,46bcfff3-b16e-444b-bb27-25b3f31eadc4,2025-05-10 10:43:34.706
e78aba39-ce46-4328-a1ee-aaa74282d40a,5bf14ba6-f88f-4ebe-a167-460b1d28f289,2025-07-31 18:57:13.839
c646fbfd-9a0e-4c33-8b25-85170f05b026,e59e493c-9f03-4221-8e85-d9af1f0bec22,2025-07-01 14:20:12.536
a8a6edfa-29e3-41fc-823a-455304731c86,74e693c0-a403-4af7-9d26-03327d5502d6,2025-05-18 23:55:25.519
dd7b91dc-b3c3-4abc-896b-76cf8c44ec8e,874680b6-ca23-4bfa-982c-8694391c0e22,2025-08-02 19:53:56.437
b67b767c-eaad-4404-8806-c53b4f1df8a6,a0072862-7106-484c-ae13-2700cd6661be,2025-06-26 21:19:03.279
e030119b-ed14-4f9f-8707-0bc0f8e3fd8b,80caef4e-38d8-4e80-8447-c74b6badb823,2025-05-25 18:32:26.699
c311853a-c72a-4ada-b644-a3af5ac6d6a3,99a918e0-8a0f-4494-87ce-e9c9b7fb34aa,2025-05-06 21:16:06.862
9c9491a5-8fe9-4566-ad44-f89a2ac426d9,47e8a433-7593-41d0-a4bb-e8732568311d,2025-07-01 10:26:51.900
df836028-9c7b-4ea6-874d-3e144074d334,a591c5cb-30a9-4fbe-96c7-240b654444a0,2025-06-28 14:46:05.562
e2d13595-e7de-41f1-b65e-4dfc9ce10833,83a23126-af38-4da7-8a20-33c449bf2a85,2025-06-01 21:16:39.079
a35b6aaa-a11e-4533-83f3-0fe2f62e73de,0ef9fb00-6b5e-4619-a181-07d73faaaad6,2025-07-28 16:16:33.802
5b0b468d-363c-4e36-a3fa-e70a78d7b70e,0df404fe-f4cd-44b1-b33f-e6a37559b31d,2025-06-06 19:13:44.400
3b25f86b-8194-4d8c-8e6e-75f9277d8c95,3728d92f-5d8a-42ca-b6c5-8ef63c6e2f96,2025-05-09 13:26:07.978
7e69c7d3-be6f-4176-814f-25fbba1e7503,ee146ff2-6a0a-4c55-9d67-74b388c254f4,2025-05-08 21:55:24.399
9964931f-9074-4e61-abbf-904e764a173d,c0788ce7-29ed-40e5-8980-da6baad70628,2025-06-20 12:11:54.855
a299b2fc-8448-4a62-816d-c7884b33944b,36022af9-dd4f-44ea-9a7d-3671028e1a7a,2025-05-22 12:58:15.519
310387cc-a6cd-4e0f-9b49-d4141ffb1c91,dce9127e-bec1-4170-a912-4e6d6691e691,2025-07-24 18:40:47.908
38af5c54-a821-4199-8f58-c7c77fafd4ac,90a0b971-0259-41c3-90e2-c98b8fd51373,2025-06-20 13:02:17.707
db189d83-52ab-4273-b8e6-15e8f1364587,d0135627-e537-47bc-b3d7-3eb8ea507485,2025-05-14 17:35:51.643
baa873c4-548f-4c59-8ad9-f4c63af57799,23129dba-38b0-4771-bdbc-73572552879b,2025-05-16 11:44:46.792
e398ef1c-7882-4355-8912-e9802cc973f5,556e75bf-2983-4a47-82f1-c1dcdb5bf119,2025-07-02 18:57:02.870
6a984471-8772-4560-8100-6079115c35f9,c9c935fc-5959-40d7-adf6-45ae24caf03d,2025-07-18 08:24:28.781
e753d33c-acf5-4caf-b765-ed71b131a5f9,a2f21d20-9522-45fe-a714-370ef1bf70c9,2025-07-06 16:48:57.186
42463ac5-5305-4885-9973-770de641ad55,8000fa76-0fdc-4254-803e-93379efb69bc,2025-07-06 15:13:38.371
04ffc184-37ca-4eba-bb5d-7cd83af6982d,fa58d1ed-4938-47da-8bae-93df7dbc4133,2025-07-30 22:25:17.045
6ecf6113-acc6-45e5-b114-6a27e7dfc404,e6ed6d87-b109-41b3-8181-65db3abf21b8,2025-07-07 19:23:48.497
1efb616e-bdef-4ae4-957c-fbf93eb4bfca,df172807-2175-4235-a179-0a8ab28d682f,2025-07-04 16:17:19.615
65b9ca8f-0e3e-4942-bb82-12ec4b37a18b,7425fc3a-c5c8-4d12-aee6-ec8cb7761819,2025-06-17 16:36:10.142
4e76343d-3b0b-4d1c-8c3a-51437cee622b,ccb66ae8-a4d6-458f-aaac-73c20ff3576b,2025-07-01 23:23:07.705
5ba65195-bd11-4918-8523-f33e6bbaa2d5,7ee70a9e-2df0-4332-8823-f3562e3167dd,2025-07-25 17:45:20.017
0d82a4c5-cf9e-4233-a0c8-721aaf29008d,1d2e569f-8377-42a1-b953-946340c0bccd,2025-08-01 07:32:53.935
dbbb5118-f9ac-4a0b-9d7f-91bb1602928e,2efa74dd-bf76-4b57-95df-4f50f6642a74,2025-06-08 17:33:47.415
60ed524e-7322-4ac0-adcf-ffc888dd2fd3,cf84e140-cd6c-4f1f-9907-95fcabf41655,2025-05-15 19:00:04.033
4ddeb856-d10d-4c74-a317-d44584991cc0,ef3cb19b-23da-4428-ac41-5e51509b7d0c,2025-07-29 13:27:36.603
2ebe2061-eeed-4e9a-8fe1-2cef88dc1aed,1cf78692-e305-4eb9-bbc7-5cbf06324491,2025-05-12 18:36:50.208
